#info;МИЭТ;Федеральное государственное автономное образовательное учреждение высшего образования «Национальный исследовательский университет «Московский институт электронной техники»;Не добавлены льготы для филиалов. Добавлен только ВсОШ и РСОШ 2024-25.;10;10
1;01.03.04;Прикладная математика;RMFI;1;
2;09.03.01;Информатика и вычислительная техника;RMFI;1;
3;09.03.02;Информационные системы и технологии;RMFI;1;
4;09.03.03;Прикладная информатика;RMFI;1;
5;09.03.04;Программная инженерия;RMFI;1;
6;10.03.01;информационная безопасность;RMFI;1;
7;11.03.01;Радиотехника;RMFI;1;
8;11.03.02;Инфокоммуникационные технологии и системы связи;RMFI;1;
9;11.03.03;Конструирование и технологии электронных средств;RMFI;1;
10;11.03.04;Электроника и наноэлектроника;RMFI;1;
11;12.03.04;Биотехнические системы и технологии;RMFIC;2;
12;20.03.01;Техносферная безопасность;RMFIC;2;
13;22.03.01;Материаловедение и технология материалов;RMFIC;2;
14;27.03.04;Управление в технических системах;RMFI;1;
15;27.03.05;Инноватика;RMFI;1;
16;28.03.03;Наноматериалы;RMFC;3;
17;38.03.02;Менеджмент;RMIOHL;4;
18;45.03.02;Лингвистика;ROHLK;5;
19;54.03.01;Дизайн;RL;6;
#lgots;;;;;
0;Всероссийская олимпиада школьников по математике;математика;P0;11 12 13 16;*
0;Всероссийская олимпиада школьников по физике;физика;P0;11 12 13 16;*
0;Всероссийская олимпиада школьников по химии;химия;P0;11 12 13 16;*
0;Всероссийская олимпиада школьников по информатике;информатика;P0;11 12 13;*
0;Всероссийская олимпиада школьников по технологии;техника, технология и техническое творчество;P0;11 12 13 16;*
0;Всероссийская олимпиада школьников по технологии;культура дома, дизайн и технология;P0;11 12 13 16;*
0;Всероссийская олимпиада школьников по технологии;робототехника;P0;11 12 13 16;*
0;Всероссийская олимпиада школьников по технологии;информационная безопасность;P0;11 12 13 16;*
0;Всероссийская олимпиада школьников по математике;математика;P0;1 2 3 4 5 6 7 8 9 10 14 15;*
0;Всероссийская олимпиада школьников по физике;физика;P0;1 2 3 4 5 6 7 8 9 10 14 15;*
0;Всероссийская олимпиада школьников по информатике;информатика;P0;1 2 3 4 5 6 7 8 9 10 14 15;*
0;Всероссийская олимпиада школьников по технологии;техника, технология и техническое творчество;P0;1 2 3 4 5 6 7 8 9 10 14 15;*
0;Всероссийская олимпиада школьников по технологии;культура дома, дизайн и технология;P0;1 2 3 4 5 6 7 8 9 10 14 15;*
0;Всероссийская олимпиада школьников по технологии;робототехника;P0;1 2 3 4 5 6 7 8 9 10 14 15;*
0;Всероссийская олимпиада школьников по технологии;информационная безопасность;P0;1 2 3 4 5 6 7 8 9 10 14 15;*
0;Всероссийская олимпиада школьников по математике;математика;P0;17;*
0;Всероссийская олимпиада школьников по обществознанию;обществознание;P0;17;*
0;Всероссийская олимпиада школьников по истории;история;P0;17;*
0;Всероссийская олимпиада школьников по информатике;информатика;P0;17;*
0;Всероссийская олимпиада школьников по английскому языку;английский язык;P0;17 18;*
0;Всероссийская олимпиада школьников по экономике;экономика;P0;17;*
-1;Всероссийская олимпиада школьников по математике;математика;P0;11 12 13 16;M
-1;Всероссийская олимпиада школьников по физике;физика;P0;11 12 13 16;F
-1;Всероссийская олимпиада школьников по химии;химия;P0;11 12 13 16;C
-1;Всероссийская олимпиада школьников по информатике;информатика;P0;11 12 13;I
-1;Всероссийская олимпиада школьников по русскому языку;русский язык;P0;11 12 13 16;R
-1;Всероссийская олимпиада школьников по экологии;экология;P0;11 12 13 16;C
-1;Всероссийская олимпиада школьников по технологии;техника, технология и техническое творчество;P0;11 12 13 16;F
-1;Всероссийская олимпиада школьников по технологии;культура дома, дизайн и технология;P0;11 12 13 16;F
-1;Всероссийская олимпиада школьников по технологии;робототехника;P0;11 12 13 16;F
-1;Всероссийская олимпиада школьников по технологии;информационная безопасность;P0;11 12 13 16;F
-1;Всероссийская олимпиада школьников по математике;математика;P0;1 2 3 4 5 6 7 8 9 10 14 15;M
-1;Всероссийская олимпиада школьников по физике;физика;P0;1 2 3 4 5 6 7 8 9 10 14 15;F
-1;Всероссийская олимпиада школьников по информатике;информатика;P0;1 2 3 4 5 6 7 8 9 10 14 15;I
-1;Всероссийская олимпиада школьников по технологии;техника, технология и техническое творчество;P0;1 2 3 4 5 6 7 8 9 10 14 15;F
-1;Всероссийская олимпиада школьников по технологии;культура дома, дизайн и технология;P0;1 2 3 4 5 6 7 8 9 10 14 15;F
-1;Всероссийская олимпиада школьников по технологии;робототехника;P0;1 2 3 4 5 6 7 8 9 10 14 15;F
-1;Всероссийская олимпиада школьников по технологии;информационная безопасность;P0;1 2 3 4 5 6 7 8 9 10 14 15;F
-1;Всероссийская олимпиада школьников по русскому языку;русский язык;P0;1 2 3 4 5 6 7 8 9 10 14 15 17 19;R
-1;Всероссийская олимпиада школьников по обществознанию;обществознание;P0;18;O
-1;Всероссийская олимпиада школьников по истории;история;P0;18;H
-1;Всероссийская олимпиада школьников по английскому языку;английский язык;P0;18;L
-1;Всероссийская олимпиада школьников по экономике;экономика;P0;18;O
-1;Всероссийская олимпиада школьников по литературе;литература;P0;18 19;K
0;«Финатлон для старшеклассников» - Всероссийская олимпиада по финансовой грамотности, устойчивому развитию и защите прав потребителей финансовых услуг;финансовая грамотность;P3;.4;O
-1;«Финатлон для старшеклассников» - Всероссийская олимпиада по финансовой грамотности, устойчивому развитию и защите прав потребителей финансовых услуг;финансовая грамотность;P3;.4 .5;O
0;«Формула Единства»/«Третье тысячелетие»;иностранный язык;P3;.4;L
-1;«Формула Единства»/«Третье тысячелетие»;иностранный язык;P3;.4 .5;L
0;«Формула Единства»/«Третье тысячелетие»;математика;P2;.1 .2. 3 .4;M
-1;«Формула Единства»/«Третье тысячелетие»;математика;P2;.1 .2. 3 .4;M
0;Всероссийская междисциплинарная олимпиада школьников 8-11 класса «Национальная технологическая олимпиада»;автоматизация бизнес-процессов;2;.1 .2 .4;I
0;Всероссийская междисциплинарная олимпиада школьников 8-11 класса «Национальная технологическая олимпиада»;автоматизация бизнес-процессов;2;.1 .2 .3 .4;M
0;Всероссийская междисциплинарная олимпиада школьников 8-11 класса «Национальная технологическая олимпиада»;автономные транспортные системы;2;.1 .2;I
0;Всероссийская междисциплинарная олимпиада школьников 8-11 класса «Национальная технологическая олимпиада»;автономные транспортные системы;2;.1 .2 .3;F
0;Всероссийская междисциплинарная олимпиада школьников 8-11 класса «Национальная технологическая олимпиада»;анализ космических снимков и геопространственных данных;3;.1 .2 .4;I
0;Всероссийская междисциплинарная олимпиада школьников 8-11 класса «Национальная технологическая олимпиада»;аэрокосмические системы;3;.1 .2 .4;I
0;Всероссийская междисциплинарная олимпиада школьников 8-11 класса «Национальная технологическая олимпиада»;аэрокосмические системы;3;.1 .2 .3;F
0;Всероссийская междисциплинарная олимпиада школьников 8-11 класса «Национальная технологическая олимпиада»;беспилотные авиационные системы;2;.1 .2 .4;I
0;Всероссийская междисциплинарная олимпиада школьников 8-11 класса «Национальная технологическая олимпиада»;беспилотные авиационные системы;2;.1 .2 .3;F
0;Всероссийская междисциплинарная олимпиада школьников 8-11 класса «Национальная технологическая олимпиада»;большие данные и машинное обучение;3;.1 .2 .4;I
0;Всероссийская междисциплинарная олимпиада школьников 8-11 класса «Национальная технологическая олимпиада»;большие данные и машинное обучение;3;.1 .2 .3 .4;M
0;Всероссийская междисциплинарная олимпиада школьников 8-11 класса «Национальная технологическая олимпиада»;виртуальные миры: разработка компьютерных игр, технологии виртуальной реальности, технологии дополненной реальности;3;.1 .2 .4;I
0;Всероссийская междисциплинарная олимпиада школьников 8-11 класса «Национальная технологическая олимпиада»;виртуальные миры: разработка компьютерных игр, технологии виртуальной реальности, технологии дополненной реальности;3;.1 .2 .3 .4;M
0;Всероссийская междисциплинарная олимпиада школьников 8-11 класса «Национальная технологическая олимпиада»;водные робототехнические системы;2;.1 .2 .4;I
0;Всероссийская междисциплинарная олимпиада школьников 8-11 класса «Национальная технологическая олимпиада»;водные робототехнические системы;2;.1 .2 .3;F
0;Всероссийская междисциплинарная олимпиада школьников 8-11 класса «Национальная технологическая олимпиада»;геномное редактирование;3;.2 .3;C
0;Всероссийская междисциплинарная олимпиада школьников 8-11 класса «Национальная технологическая олимпиада»;геномное редактирование;3;.1 .2 .4;I
0;Всероссийская междисциплинарная олимпиада школьников 8-11 класса «Национальная технологическая олимпиада»;инженерные биологические системы;2;.2 .3;C
0;Всероссийская междисциплинарная олимпиада школьников 8-11 класса «Национальная технологическая олимпиада»;интеллектуальные робототехнические системы;3;.1 .2 .4;I
0;Всероссийская междисциплинарная олимпиада школьников 8-11 класса «Национальная технологическая олимпиада»;интеллектуальные робототехнические системы;3;.1 .2 .3 .4;M
0;Всероссийская междисциплинарная олимпиада школьников 8-11 класса «Национальная технологическая олимпиада»;интеллектуальные энергетические системы;3;.1 .2 .4;I
0;Всероссийская междисциплинарная олимпиада школьников 8-11 класса «Национальная технологическая олимпиада»;интеллектуальные энергетические системы;3;.1 .2 .3 .4;M
0;Всероссийская междисциплинарная олимпиада школьников 8-11 класса «Национальная технологическая олимпиада»;информационная безопасность;3;.1 .2 .4;I
0;Всероссийская междисциплинарная олимпиада школьников 8-11 класса «Национальная технологическая олимпиада»;информационная безопасность;3;.1 .2 .3 4;M
0;Всероссийская междисциплинарная олимпиада школьников 8-11 класса «Национальная технологическая олимпиада»;искусственный интеллект;3;.1 .2 .4;I
0;Всероссийская междисциплинарная олимпиада школьников 8-11 класса «Национальная технологическая олимпиада»;искусственный интеллект;3;.1 .2 .3 .4;M
0;Всероссийская междисциплинарная олимпиада школьников 8-11 класса «Национальная технологическая олимпиада»;летающая робототехника;3;.1 .2 .4;I
0;Всероссийская междисциплинарная олимпиада школьников 8-11 класса «Национальная технологическая олимпиада»;летающая робототехника;3;.1 .2 .3 .4;F
0;Всероссийская междисциплинарная олимпиада школьников 8-11 класса «Национальная технологическая олимпиада»;наносистемы и наноинженерия;2;.2 .3;C
0;Всероссийская междисциплинарная олимпиада школьников 8-11 класса «Национальная технологическая олимпиада»;наносистемы и наноинженерия;2;.1 .2 .3;F
0;Всероссийская междисциплинарная олимпиада школьников 8-11 класса «Национальная технологическая олимпиада»;нейротехнологии и когнитивные науки;2;.1 .2 .4;I
0;Всероссийская междисциплинарная олимпиада школьников 8-11 класса «Национальная технологическая олимпиада»;спутниковые системы;3;.1 .2 .4;I
0;Всероссийская междисциплинарная олимпиада школьников 8-11 класса «Национальная технологическая олимпиада»;спутниковые системы;3;.1 .2 .3;F
0;Всероссийская междисциплинарная олимпиада школьников 8-11 класса «Национальная технологическая олимпиада»;технологии беспроводной связи;2;.1 .2 .4;I
0;Всероссийская междисциплинарная олимпиада школьников 8-11 класса «Национальная технологическая олимпиада»;технологии беспроводной связи;2;.1 .2 .3 .4;M
0;Всероссийская междисциплинарная олимпиада школьников 8-11 класса «Национальная технологическая олимпиада»;ядерные технологии;2;.1 .2 .4;I
0;Всероссийская междисциплинарная олимпиада школьников 8-11 класса «Национальная технологическая олимпиада»;ядерные технологии;2;.1 .2 .3;F
0;Всероссийская олимпиада по искусственному интеллекту;искусственный интеллект;2;.1 .2 .4;I
0;Всероссийская олимпиада школьников «Высшая проба»;анализ данных;3;.1 .2 .4;I
0;Всероссийская олимпиада школьников «Высшая проба»;анализ данных;3;.1 .2 .3 ;F
0;Всероссийская олимпиада школьников «Высшая проба»;инженерные науки;2;.1 .2 .4;I
0;Всероссийская олимпиада школьников «Высшая проба»;инженерные науки;2;.1 .2 .3;F
0;Всероссийская олимпиада школьников «Высшая проба»;иностранный язык;1;.4 .5;L
0;Всероссийская олимпиада школьников «Высшая проба»;информатика;1;.2 .4;I
0;Всероссийская олимпиада школьников «Высшая проба»;история;1;.4;H
-1;Всероссийская олимпиада школьников «Высшая проба»;история;1;.5;H
0;Всероссийская олимпиада школьников «Высшая проба»;история мировых цивилизаций;2;.4;H
-1;Всероссийская олимпиада школьников «Высшая проба»;история мировых цивилизаций;2;.5;H
0;Всероссийская олимпиада школьников «Высшая проба»;математика;1;.1 .2 .3 .4;M
0;Всероссийская олимпиада школьников «Высшая проба»;обществознание;1;.4;O
-1;Всероссийская олимпиада школьников «Высшая проба»;обществознание;1;.5;O
-1;Всероссийская олимпиада школьников «Высшая проба»;русский язык;2;.4 .5 .6;R
0;Всероссийская олимпиада школьников «Высшая проба»;физика;2;.1 .2 .3;F
-1;Всероссийская олимпиада школьников «Высшая проба»;филология;1;.5 .6;K
0;Всероссийская олимпиада школьников «Высшая проба»;финансовая грамотность;1;.4;O
-1;Всероссийская олимпиада школьников «Высшая проба»;финансовая грамотность;1;.4 .5;O
0;Всероссийская олимпиада школьников «Высшая проба»;химия;2;.2 .3;C
0;Всероссийская олимпиада школьников «Высшая проба»;экономика;1;.4;O
-1;Всероссийская олимпиада школьников «Высшая проба»;экономика;1;.4 .5;O
0;Всероссийская олимпиада школьников «Миссия выполнима. Твое призвание - финансист!»;иностранный язык;3;.4 .5;L
0;Всероссийская олимпиада школьников «Миссия выполнима. Твое призвание - финансист!»;история;3;.4;H
-1;Всероссийская олимпиада школьников «Миссия выполнима. Твое призвание - финансист!»;история;3;.4 .5;H
0;Всероссийская олимпиада школьников «Миссия выполнима. Твое призвание - финансист!»;математика;3;.1 .2 .3 .4;M
0;Всероссийская олимпиада школьников «Миссия выполнима. Твое призвание - финансист!»;обществознание;3;.4;O
-1;Всероссийская олимпиада школьников «Миссия выполнима. Твое призвание - финансист!»;обществознание;3;.4 .5;O
0;Всероссийская олимпиада школьников «Миссия выполнима. Твое призвание - финансист!»;финансовая грамотность;3;.4;O
-1;Всероссийская олимпиада школьников «Миссия выполнима. Твое призвание - финансист!»;финансовая грамотность;3;.4 .5;O
0;Всероссийская олимпиада школьников «Миссия выполнима. Твое призвание - финансист!»;экономика;2;.4;O
-1;Всероссийская олимпиада школьников «Миссия выполнима. Твое призвание - финансист!»;экономика;2;.4 .5;O
0;Всероссийская Сеченовская олимпиада школьников;химия;2;.2 .3;C
0;Всероссийская Толстовская олимпиада школьников;история;3;.4;H
-1;Всероссийская Толстовская олимпиада школьников;история;3;.4 .5;H
-1;Всероссийская Толстовская олимпиада школьников;литература;3;.5 .6;K
0;Всероссийская Толстовская олимпиада школьников;право;3;.4;O
-1;Всероссийская Толстовская олимпиада школьников;право;3;.4 .5;O
0;Всероссийская экономическая олимпиада школьников имени Н.Д. Кондратьева;экономика;1;.4;O
-1;Всероссийская экономическая олимпиада школьников имени Н.Д. Кондратьева;экономика;1;.4 .5;O
0;Всероссийский конкурс научных работ школьников «Юниор»;естественные науки;3;.2 .3;C
0;Всероссийский конкурс научных работ школьников «Юниор»;инженерные науки;3;.1 .2 .4;I
0;Всероссийский конкурс научных работ школьников «Юниор»;инженерные науки;3;.1 .2 .3 .4;M
0;Всероссийский конкурс научных работ школьников «Юниор»;инженерные науки;3;.1 .2 .3;F
0;Всесибирская открытая олимпиада школьников;информатика;1;.1 .2 .4;I
0;Всесибирская открытая олимпиада школьников;математика;2;.1 .2 .3 .4;M
0;Всесибирская открытая олимпиада школьников;физика;2;.1 .2 .3;F
0;Всесибирская открытая олимпиада школьников;химия;1;.2 .3;C
0;Вузовско-академическая олимпиада по информатике;информатика;1;.1 .2 .4;I
0;Герценовская олимпиада школьников;иностранный язык;1;.4 .5;L
0;Городская открытая олимпиада школьников по физике;физика;2;.1 .2 .3;F
0;Инженерная олимпиада школьников;физика;1;.1 .2 .3;F
0;Интернет-олимпиада школьников по физике;физика;2;.1 .2 .3;F
0;Междисциплинарная олимпиада школьников имени В.И. Вернадского;гуманитарные и социальные науки;1;.4;H
-1;Междисциплинарная олимпиада школьников имени В.И. Вернадского;гуманитарные и социальные науки;1;.4 .5;H
0;Междисциплинарная олимпиада школьников имени В.И. Вернадского;гуманитарные и социальные науки;1;.4;O
-1;Междисциплинарная олимпиада школьников имени В.И. Вернадского;гуманитарные и социальные науки;1;.4 .5;O
0;Международная Менделеевская Олимпиада по химии;химия;1;.2 .3;C
0;Международная олимпиада «Innopolis Open»;информатика;2;.1 .2 .4;I
0;Международная олимпиада «Innopolis Open»;информационная безопасность;2;.1 .2 .4;I
0;Международная олимпиада «Innopolis Open»;робототехника;3;.1 .2 .4;I
0;Международная олимпиада «Innopolis Open»;математика;2;.1 .2 .3 .4;M
0;Международная олимпиада по финансовой безопасности;финансовая безопасность;1;.4;O
-1;Международная олимпиада по финансовой безопасности;финансовая безопасность;1;.4 .5;O
0;Международная олимпиада по финансовой безопасности;финансовая безопасность;1;.1 .2 .4;I
0;Международная олимпиада школьников Уральского федерального университета «Изумруд»;история;3;.4;H
-1;Международная олимпиада школьников Уральского федерального университета «Изумруд»;история;3;.4 .5;H
0;Международная олимпиада школьников Уральского федерального университета «Изумруд»;математика;3;.1 .2 .3 .4;M
0;Международная олимпиада школьников Уральского федерального университета «Изумруд»;обществознание;3;.4;O
-1;Международная олимпиада школьников Уральского федерального университета «Изумруд»;обществознание;3;.4 .5;O
-1;Международная олимпиада школьников Уральского федерального университета «Изумруд»;русский язык;3;.4 .5 .6;R
0;Международная олимпиада школьников Уральского федерального университета «Изумруд»;физика;3;.1 .2 .3;F
0;Международная олимпиада школьников Уральского федерального университета «Изумруд»;химия;3;.2 .3;C
0;Отраслевая физико-математическая олимпиада школьников «Росатом»;информатика;2;.1 .2 .4;O
0;Отраслевая физико-математическая олимпиада школьников «Росатом»;математика;2;.1 .2 .3 .4;M
0;Отраслевая физико-математическая олимпиада школьников «Росатом»;физика;1;.1 .2 .3;F
0;Пироговская олимпиада для школьников по химии и биологии;химия;3;.2 .3;C
0;Плехановская олимпиада школьников;иностранный язык;3;.4 .5;L
0;Плехановская олимпиада школьников;финансовая грамотность;3;.4;O
-1;Плехановская олимпиада школьников;финансовая грамотность;3;.4 .5;O
0;Плехановская олимпиада школьников;экономика;3;.4;O
-1;Плехановская олимпиада школьников;экономика;3;.4 .5;O
-1;Плехановская олимпиада школьников;русский язык;2;.4 .5 .6;R
0;Региональный конкурс школьников Челябинского университетского образовательного округа;иностранный язык;3;.4 .5;L
0;Региональный конкурс школьников Челябинского университетского образовательного округа;обществознание;3;.4;O
-1;Региональный конкурс школьников Челябинского университетского образовательного округа;обществознание;3;.4 .5;O
0;Санкт-Петербургская олимпиада школьников;математика;1;.1 .2 .3 .4;M
0;Санкт-Петербургская олимпиада школьников;химия;1;.2 .3;C
-1;Северо-Восточная олимпиада школьников;филология;3;.4 .5 .6;R
-1;Северо-Восточная олимпиада школьников;филология;3;.5 .6;K
0;Твой путь в настоящую науку;физика;3;.1 .2 .3;F
0;Турнир городов;математика;1;.1 .2 .3 .4;M
0;Турнир имени М.В. Ломоносова;история;2;.4;H
-1;Турнир имени М.В. Ломоносова;история;2;.4 .5;H
-1;Турнир имени М.В. Ломоносова;литература;2;.4 .5 .6;K
-1;Турнир имени М.В. Ломоносова;математика;2;.1 .2 .3 .4;M
0;Турнир имени М.В. Ломоносова;физика;2;.1 .2 .3;F
0;Турнир имени М.В. Ломоносова;химия;3;.2 .3;C
0;Университетская олимпиада школьников «Бельчонок»;информатика;2;.1 .2 .4;I
0;Университетская олимпиада школьников «Бельчонок»;математика;3;.1 .2 .3 .4;M
0;Университетская олимпиада школьников «Бельчонок»;физика;3;.1 .2 .3;F
0;Университетская олимпиада школьников «Бельчонок»;химия;2;.2 .3;C
0;Межрегиональная олимпиада по праву «ФЕМИДА»;право;2;.4;O
-1;Межрегиональная олимпиада по праву «ФЕМИДА»;право;2;.4 .5;O
0;Межрегиональная олимпиада школьников «Будущие исследователи - будущее науки»;история;2;.4;H
-1;Межрегиональная олимпиада школьников «Будущие исследователи - будущее науки»;история;2;.4 .5;H
0;Межрегиональная олимпиада школьников «Будущие исследователи - будущее науки»;математика;3;.1 .2 .3 .4;M
-1;Межрегиональная олимпиада школьников «Будущие исследователи - будущее науки»;русский язык;3;.4 .5 .6;R
0;Межрегиональная олимпиада школьников «Будущие исследователи - будущее науки»;физика;2;.1 .2 .3;F
0;Межрегиональная олимпиада школьников «Будущие исследователи - будущее науки»;химия;2;.2 .3;C
0;Межрегиональная олимпиада школьников «Евразийская лингвистическая олимпиада»;иностранный язык;1;.4 .5;L
0;Межрегиональная олимпиада школьников имени И.Я. Верченко;компьютерная безопасность;2;.1 .2 .4;I
0;Межрегиональная олимпиада школьников имени И.Я. Верченко;компьютерная безопасность;2;.1 .2 .4;F
0;Межрегиональная олимпиада школьников имени И.Я. Верченко;математика;2;.1 .2 .3 .4;M
0;Межрегиональная олимпиада школьников на базе ведомственных образовательных организаций;иностранный язык;3;.4 .5;L
0;Межрегиональная олимпиада школьников на базе ведомственных образовательных организаций;математика;3;.1 .2 .3 .4;M
0;Межрегиональная олимпиада школьников на базе ведомственных образовательных организаций;обществознание;3;.4;O
-1;Межрегиональная олимпиада школьников на базе ведомственных образовательных организаций;обществознание;3;.4 .5;O
0;Межрегиональная олимпиада школьников на базе ведомственных образовательных организаций;физика;3;.1 .2 .3;F
0;Межрегиональные предметные олимпиады федерального государственного автономного образовательного учреждения высшего образования «Казанский (Приволжский) федеральный университет»;иностранный язык;2;.4 .5;L
0;Межрегиональные предметные олимпиады федерального государственного автономного образовательного учреждения высшего образования «Казанский (Приволжский) федеральный университет»;математика;3;.1 .2 .3 .4;M
-1;Межрегиональные предметные олимпиады федерального государственного автономного образовательного учреждения высшего образования «Казанский (Приволжский) федеральный университет»;русский язык;2;.4 .5 .6;R
0;Межрегиональные предметные олимпиады федерального государственного автономного образовательного учреждения высшего образования «Казанский (Приволжский) федеральный университет»;физика;2;.1 .2 .3;F
0;Межрегиональные предметные олимпиады федерального государственного автономного образовательного учреждения высшего образования «Казанский (Приволжский) федеральный университет»;химия;1;.2 .3;C
0;Многопредметная олимпиада «Юные таланты»;химия;1;.2 .3;C
0;Многопрофильная инженерная олимпиада «Звезда»;естественные науки;3;.1 .2 .4;I
0;Многопрофильная инженерная олимпиада «Звезда»;естественные науки;3;.1 .2 .3;F
0;Многопрофильная инженерная олимпиада «Звезда»;естественные науки;3;.2 .3;C
0;Многопрофильная инженерная олимпиада «Звезда»;техника и технологии;2;.1 .2 .4;I
0;Многопрофильная инженерная олимпиада «Звезда»;техника и технологии;2;.1 .2 .3;F
0;Многопрофильная инженерная олимпиада «Звезда»;техника и технологии;2;.2 .3;C
0;Московская олимпиада школьников;вероятность и статистика;2;.1 .2 .3 .4;M
0;Московская олимпиада школьников;информатика;1;.1 .2 .4;I
0;Московская олимпиада школьников;история;2;.4;H
-1;Московская олимпиада школьников;история;2;.4 .5;H
0;Московская олимпиада школьников;лингвистика;1;.4 .5;L
0;Московская олимпиада школьников;математика;1;.1 .2 .3 .4;M
0;Московская олимпиада школьников;обществознание;2;.4;O
-1;Московская олимпиада школьников;обществознание;2;.4 .5;O
0;Московская олимпиада школьников;предпрофессиональная;3;.1 .2 .4;I
0;Московская олимпиада школьников;предпрофессиональная;3;.1 .2 .3 .4;M
0;Московская олимпиада школьников;предпрофессиональная;3;.1 .2 .3;F
0;Московская олимпиада школьников;предпрофессиональная;3;.2 .3;C
0;Московская олимпиада школьников;робототехника;3;.1 .2 .3 .4;M
0;Московская олимпиада школьников;робототехника;3;.1 .2 .4;I
0;Московская олимпиада школьников;физика;1;.1 .2 .3;F
-1;Московская олимпиада школьников;филология;3;.5 .6;K
-1;Московская олимпиада школьников;филология;3;.4 .5 .6;R
0;Московская олимпиада школьников;финансовая грамотность;3;.4;O
-1;Московская олимпиада школьников;финансовая грамотность;3;.4 .5;O
0;Московская олимпиада школьников;химия;1;.2 .3;C
0;Московская олимпиада школьников;экономика;2;.4;O
-1;Московская олимпиада школьников;экономика;2;.4 .5;O
0;Общероссийская олимпиада школьников «Основы православной культуры»;основы православной культуры;3;.4;H
-1;Общероссийская олимпиада школьников «Основы православной культуры»;основы православной культуры;3;.4 .5;H
0;Объединенная межвузовская олимпиада школьников;математика;2;.1 .2 .3 .4;M
0;Объединенная межвузовская олимпиада школьников;физика;2;.1 .2 .3;F
0;Океан знаний;обществознание;3;.4;O
-1;Океан знаний;обществознание;3;.4 .5;O
-1;Океан знаний;русский язык;2;.4 .5 .6;R
0;Олимпиада Курчатов;математика;2;.1 .2 .3 .4;M
0;Олимпиада Курчатов;физика;2;.1 .2 .3;F
0;Олимпиада МГИМО МИД России для школьников;гуманитарные и социальные науки;2;.4;H
-1;Олимпиада МГИМО МИД России для школьников;гуманитарные и социальные науки;2;.4 .5;H
0;Олимпиада МГИМО МИД России для школьников;гуманитарные и социальные науки;2;.4;O
-1;Олимпиада МГИМО МИД России для школьников;гуманитарные и социальные науки;2;.4 .5;O
0;Олимпиада РГГУ для школьников;иностранный язык;2;.4 .5;L
0;Олимпиада РГГУ для школьников;история;2;.4;H
-1;Олимпиада РГГУ для школьников;история;2;.4 .5;H
-1;Олимпиада РГГУ для школьников;литература;1;.5 .6;K
0;Олимпиада РГГУ для школьников;обществознание;3;.4;O
-1;Олимпиада РГГУ для школьников;обществознание;3;.4 .6;O
-1;Олимпиада РГГУ для школьников;русский язык;2;.4 .5 .6;R
0;Олимпиада школьников «Гранит науки»;информатика;3;.1 .2 .4;I
0;Олимпиада школьников «Ломоносов»;инженерные науки;2;.1 .2 .3;F
0;Олимпиада школьников «Ломоносов»;инженерные науки;2;.2 .3;C
0;Олимпиада школьников «Ломоносов»;иностранный язык;1;.4 .5;L
0;Олимпиада школьников «Ломоносов»;информатика;2;.1 .2 .4;I
0;Олимпиада школьников «Ломоносов»;история;1;.4;H
-1;Олимпиада школьников «Ломоносов»;история;1;.4 .5;H
0;Олимпиада школьников «Ломоносов»;космонавтика;2;.1 .2 .3 .4;M
0;Олимпиада школьников «Ломоносов»;космонавтика;2;.1 .2 .3;F
-1;Олимпиада школьников «Ломоносов»;литература;1;.5 .6;K
0;Олимпиада школьников «Ломоносов»;математика;1;.1 .2 .3 .4;M
0;Олимпиада школьников «Ломоносов»;международные отношения и глобалистика;1;.4;H
-1;Олимпиада школьников «Ломоносов»;международные отношения и глобалистика;1;.4 .5;H
0;Олимпиада школьников «Ломоносов»;механика и математическое моделирование;2;.1 .2 .3 .4;M
0;Олимпиада школьников «Ломоносов»;механика и математическое моделирование;2;.1 .2 .3;F
0;Олимпиада школьников «Ломоносов»;обществознание;1;.4;O
-1;Олимпиада школьников «Ломоносов»;обществознание;1;.4 .5;O
0;Олимпиада школьников «Ломоносов»;основы российской государственности;1;.4;H
-1;Олимпиада школьников «Ломоносов»;основы российской государственности;1;.4 .5;H
0;Олимпиада школьников «Ломоносов»;основы российской государственности;1;.4;O
-1;Олимпиада школьников «Ломоносов»;основы российской государственности;1;.4 .5;O
0;Олимпиада школьников «Ломоносов»;политология;2;.4;H
-1;Олимпиада школьников «Ломоносов»;политология;2;.4 .5;H
0;Олимпиада школьников «Ломоносов»;робототехника;2;.1 .2 .4;I
0;Олимпиада школьников «Ломоносов»;робототехника;2;.1 .2 .3 .4;M
0;Олимпиада школьников «Ломоносов»;робототехника;2;.1 .2 .3;F
-1;Олимпиада школьников «Ломоносов»;русский язык;1;.4 .5 .6;R
0;Олимпиада школьников «Ломоносов»;физика;1;.1 .2 .3;F
0;Олимпиада школьников «Ломоносов»;химия;1;.2 .3;C
0;Олимпиада школьников «Ломоносов»;экология;2;.2 .3;С
0;Олимпиада школьников «Надежда энергетики»;математика;3;.1 .2 .3 .4;M
0;Олимпиада школьников «Надежда энергетики»;физика;3;.1 .2 .3;F
0;Олимпиада школьников «Покори Воробьевы горы!»;иностранный язык;1;.4 .5;L
0;Олимпиада школьников «Покори Воробьевы горы!»;история;1;.4;H
-1;Олимпиада школьников «Покори Воробьевы горы!»;история;1;.4 .5;H
-1;Олимпиада школьников «Покори Воробьевы горы!»;литература;1;.5 .6;K
0;Олимпиада школьников «Покори Воробьевы горы!»;математика;1;.1 .2 .3 .4;M
0;Олимпиада школьников «Покори Воробьевы горы!»;обществознание;1;.4;O
-1;Олимпиада школьников «Покори Воробьевы горы!»;обществознание;1;.4 .5;O
0;Олимпиада школьников «Покори Воробьевы горы!»;физика;1;.1 .2 .3;F
0;Олимпиада школьников «Робофест»;физика;2;.1 .2 .3;F
0;Олимпиада школьников «Физтех»;математика;2;.1 .2 .3 .4;M
0;Олимпиада школьников «Физтех»;научно-технический;2;.1 .2 .3 .4;M
0;Олимпиада школьников «Физтех»;научно-технический;2;.1 .2 .3;F
0;Олимпиада школьников «Физтех»;инженерное дело;3;.1 .2 .3;F
0;Олимпиада школьников «Физтех»;физика;1;.1 .2 .3;F
0;Олимпиада школьников «Шаг в будущее»;информатика;2;.1 .2 .4;I
0;Олимпиада школьников «Шаг в будущее»;инженерное дело;2;.1 .2 .4;I
0;Олимпиада школьников «Шаг в будущее»;инженерное дело;2;.1 .2 .3 .4;M
0;Олимпиада школьников «Шаг в будущее»;инженерное дело;2;.1 .2 .3;F
0;Олимпиада школьников «Шаг в будущее»;инженерное дело;2;.2 .3;C
0;Олимпиада школьников «Шаг в будущее»;математика;3;.1 .2 .3 .4;M
0;Олимпиада школьников «Шаг в будущее»;физика;3;.1 .2 .3;F
0;Олимпиада школьников «Шаг в будущее»;компьютерное моделирование и графика;3;.1 .2 .4;I
0;Олимпиада школьников «Шаг в будущее»;компьютерное моделирование и графика;3;.1 .2 .3 .4;M
0;Олимпиада школьников «Шаг в будущее»;компьютерное моделирование и графика;3;.1 .2 .3;F
0;Олимпиада школьников по информатике и программированию;информатика;1;.1 .2 .4;I
0;Олимпиада школьников по программированию «ТехноКубок»;информатика;2;.1 .2 .4;I
0;Олимпиада школьников по химии в ФГБОУ ВО ПСПбГМУ им. И. П. Павлова Минздрава России;химия;2;.2 .3;C
0;Олимпиада школьников по экономике в рамках международного экономического фестиваля школьников «Сибириада. Шаг в мечту»;экономика;2;.4;O
-1;Олимпиада школьников по экономике в рамках международного экономического фестиваля школьников «Сибириада. Шаг в мечту»;экономика;2;.4 .5;O
0;Олимпиада школьников Российской академии народного хозяйства и государственной службы при Президенте Российской Федерации;иностранный язык;3;.4 .5;L
0;Олимпиада школьников Российской академии народного хозяйства и государственной службы при Президенте Российской Федерации;история;2;.4;H
-1;Олимпиада школьников Российской академии народного хозяйства и государственной службы при Президенте Российской Федерации;история;2;.4 .5;H
0;Олимпиада школьников Российской академии народного хозяйства и государственной службы при Президенте Российской Федерации;обществознание;2;.4;O
-1;Олимпиада школьников Российской академии народного хозяйства и государственной службы при Президенте Российской Федерации;обществознание;2;.4 .5;O
0;Олимпиада школьников Российской академии народного хозяйства и государственной службы при Президенте Российской Федерации;финансовая грамотность;3;.4;O
-1;Олимпиада школьников Российской академии народного хозяйства и государственной службы при Президенте Российской Федерации;финансовая грамотность;3;.4 .5;O
0;Олимпиада школьников Российской академии народного хозяйства и государственной службы при Президенте Российской Федерации;экономика;2;.4;O
-1;Олимпиада школьников Российской академии народного хозяйства и государственной службы при Президенте Российской Федерации;экономика;2;.4 .5;O
0;Олимпиада школьников Санкт-Петербургского государственного университета;гуманитарные и социальные науки;2;.4;H
-1;Олимпиада школьников Санкт-Петербургского государственного университета;гуманитарные и социальные науки;2;.4 .5;H
0;Олимпиада школьников Санкт-Петербургского государственного университета;гуманитарные и социальные науки;2;.4;O
-1;Олимпиада школьников Санкт-Петербургского государственного университета;гуманитарные и социальные науки;2;.4 .5;O
0;Олимпиада школьников Санкт-Петербургского государственного университета;инженерные системы;3;.1 .2 .3 .4;M
0;Олимпиада школьников Санкт-Петербургского государственного университета;инженерные системы;3;.1 .2 .3;F
0;Олимпиада школьников Санкт-Петербургского государственного университета;иностранный язык;1;.4 .5;L
0;Олимпиада школьников Санкт-Петербургского государственного университета;информатика;1;.1 .2 .4;I
0;Олимпиада школьников Санкт-Петербургского государственного университета;история;1;.4;H
-1;Олимпиада школьников Санкт-Петербургского государственного университета;история;1;.4 .5;H
0;Олимпиада школьников Санкт-Петербургского государственного университета;математика;1;.1 .2 .3 .4;M
0;Олимпиада школьников Санкт-Петербургского государственного университета;математическое моделирование и искусственный интеллект;3;.1 .2 .4;I
0;Олимпиада школьников Санкт-Петербургского государственного университета;математическое моделирование и искусственный интеллект;3;.1 .2 .3 .4;M
0;Олимпиада школьников Санкт-Петербургского государственного университета;математическое моделирование и искусственный интеллект;3;.1 .2 .3;F
0;Олимпиада школьников Санкт-Петербургского государственного университета;обществознание;1;.4;O
-1;Олимпиада школьников Санкт-Петербургского государственного университета;обществознание;1;.4 .5;O
0;Олимпиада школьников Санкт-Петербургского государственного университета;физика;1;.1 .2 .3;F
0;Олимпиада школьников Санкт-Петербургского государственного университета;филология;1;.4 .5;L
-1;Олимпиада школьников Санкт-Петербургского государственного университета;филология;1;.5 .6;K
-1;Олимпиада школьников Санкт-Петербургского государственного университета;филология;1;.4 .5 .6;R
0;Олимпиада школьников Санкт-Петербургского государственного университета;химия;1;.2 .3;C
0;Олимпиада школьников Санкт-Петербургского государственного университета;экономика;2;.4;O
-1;Олимпиада школьников Санкт-Петербургского государственного университета;экономика;2;.4 .5;O
0;Олимпиада Юношеской математической школы;математика;2;.1 .2 .3 .4;M
0;Открытая межвузовская олимпиада школьников Сибирского федерального округа «Будущее Сибири»;физика;2;.1 .2 .3;F
0;Открытая межвузовская олимпиада школьников Сибирского федерального округа «Будущее Сибири»;химия;2;.2 .3;C
0;Открытая олимпиада школьников;информатика;1;.1 .2 .4;I
0;Открытая олимпиада школьников;математика;3;.1 .2 .3 .4;M
0;Открытая олимпиада школьников;физика;3;.1 .2 .3;F
0;Открытая олимпиада школьников по программированию;информатика;1;.1 .2 .4;I
0;Открытая олимпиада школьников по программированию «Когнитивные технологии»;информатика;2;.1 .2 .4;I
0;Открытая региональная межвузовская олимпиада школьников (ОРМО) с международным участием;история;3;.4;H
-1;Открытая региональная межвузовская олимпиада школьников (ОРМО) с международным участием;история;3;.4 .5;H
-1;Открытая региональная межвузовская олимпиада школьников (ОРМО) с международным участием;литература;2;.5 .6;K
-1;Открытая региональная межвузовская олимпиада школьников (ОРМО) с международным участием;русский язык;3;.4 .5 .6;R
0;Открытая региональная межвузовская олимпиада школьников (ОРМО) с международным участием;физика;3;.1 .2 .3;F
0;Открытая химическая олимпиада;химия;3;.2 .3;C
0;Отраслевая олимпиада школьников «Газпром»;информационные и коммуникационные технологии;2;.1 .2 .4;I
0;Отраслевая олимпиада школьников «Газпром»;математика;3;.1 .2 .3 .4;M
0;Отраслевая олимпиада школьников «Газпром»;инженерное дело;3;.1 .2 .3;F
0;Отраслевая олимпиада школьников «Газпром»;физика;3;.1 .2 .3;F
0;Отраслевая олимпиада школьников «Газпром»;химия;3;.2 .3;C
