#name;Университет МИСИС;Федеральное государственное автономное образовательное учреждение высшего образования «Национальный исследовательский технологический университет МИСИС»;;;
1;03.03.02;Физика;MFR;;
2;11.03.04;Электроника и наноэлектроника;MFCIR;;
3;13.03.02;Электроэнергетика и электротехника;MFCIR;;
4;15.03.02;Технологические машины и оборудование;MFCIR;;
5;21.00.00;Геотехнологии;MFCIR;;
6;21.05.04;Горное дело заочное;MFCIR;;
7;22.03.01;Материаловедение и технологии материалов;MFCIR;;
8;22.03.02;Металлургия;MFCIR;;
9;28.00.00;Нанотехнологии и наноматериалы;MFCIR;;
10;08.03.01;Строительство очно-заочное СТИ;MFIR;;
11;08.03.01;Строительство СТИ;MFIR;;
12;13.03.01;Теплоэнергетика и теплотехника заочное СТИ;MFIR;;
13;13.03.01;Теплоэнергетика и теплотехника СТИ;MFIR;;
14;13.03.02;Электроэнергетика и электротехника заочное СТИ;MFIR;;
15;13.03.02;Электроэнергетика и электротехника СТИ;MFIR;;
16;15.03.02;Технологические машины и оборудование заочное СТИ;MFIR;;
17;15.03.02;Технологические машины и оборудование СТИ;MFIR;;
18;22.03.02;Металлургия заочное СТИ;MFIR;;
19;22.03.02;Металлургия СТИ;MFIR;;
20;15.03.02;Технологические машины и оборудование ВФ;MFCILR;;
21;15.03.02;Технологические машины и оборудование заочное ВФ;MFCILR;;
22;22.03.01;Материаловедение и технологии материалов ВФ;MFCILR;;
23;22.03.02;Металлургия ВФ;MFCILR;;
24;22.03.02;Металлургия заочное ВФ;MFCILR;;
25;13.03.01;Теплоэнергетика и теплотехника заочное НФ;MFCIR;;
26;13.03.02;Электроэнергетика и электротехника заочное НФ;MFCIR;;
27;13.03.02;Электроэнергетика и электротехника НФ;MFCIR;;
28;15.03.02;Технологические машины и оборудование заочное НФ;MFCIR;;
29;15.03.02;Технологические машины и оборудование НФ;MFCIR;;
30;18.03.01;Химическая технология заочное НФ;MCFIR;;
31;18.03.01;Химическая технология НФ;MCFIR;;
32;22.03.02;Металлургия заочное НФ;MFCIR;;
33;22.03.02;Металлургия НФ;MFCIR;;
34;22.03.02;Металлургия ДФ;MFR;;
35;22.03.02;Металлургия заочное ДФ;MFR;;
36;20.03.01;Техносферная безопасность ГФ;MFIR;;
37;20.03.01;Техносферная безопасность заочное ГФ;MFIR;;
38;21.05.04;Горное дело ГФ;MFIR;;
39;1.05.04;Горное дело заочное ГФ;MFIR;;
40;21.05.04;Горное дело АФ;MFR;;
41;21.05.04;Горное дело заочное АФ;MFR;;
42;22.03.02;Металлургия АФ;MFR;;
43;22.03.02;Металлургия заочное АФ;MFR;;
44;01.03.04;Прикладная математика;MIFCR;;
45;09.00.00;Информатика и вычислительная техника;MIFCR;;
46;09.03.02;Информационные системы и технологии СТИ;MIFR;;
47;15.03.04;Автоматизация технологических процессов и производств заочное СТИ;MFIR;;
48;15.03.04;Автоматизация технологических процессов и производств СТИ;MFIR;;
49;09.03.03;Прикладная информатика заочное НФ;MIFCR;;
50;09.03.03;Прикладная информатика НФ;MIFCR;;
51;09.03.01;Информатика и вычислительная техника ДФ;MIR;;
52;15.03.04;Автоматизация технологических процессов и производств АФ;MFR;;
53;15.03.04;Автоматизация технологических процессов и производств заочное АФ;MFR;;
54;09.03.02;Информационные системы и технологии АФ;MFR;;
55;09.03.02;Информационные системы и технологии заочное АФ;MFR;;
56;38.03.05;Бизнес информатика;MOIR;;
57;38.00.00;Экономика и управление;MOILR;;
58;38.03.01;Экономика заочное СТИ;MOR;;
59;38.03.01;Экономика очно-заочное СТИ;MOR;;
60;38.03.01;Экономика СТИ;MOR;;
61;38.03.02;Менеджмент заочное СТИ;MOR;;
62;38.03.02;Менеджмент очно-заочное СТИ;MOR;;
63;38.03.02;Менеджмент СТИ;MOR;;
64;38.03.01;Экономика НФ;MOIR;;
65;38.03.01;Экономика очно-заочное НФ;MOIR;;
66;38.03.01;Экономика ДФ;MOR;;
67;38.03.01;Экономика очно-заочное ДФ;MOR;;
68;38.03.01;Экономика АФ;MOLR;;
69;38.03.01;Экономика заочное АФ;MOLR;;
70;45.03.02;Лингвистика;LROHI;;
#lgots;10;;;;
0;Всероссийская олимпиада школьников по математике;математика;P0;6 38 40 41 5;*
0;Всероссийская олимпиада школьников по физике;физика;P0;6 38 40 41 5;*
0;Всероссийская олимпиада школьников по ОБЖ;ОБЖ;P0;6 38 40 41 5;*
0;Всероссийская олимпиада школьников по технологии;техника, технология и техническое творчество;P0;6 38 40 41 5;*
0;Всероссийская олимпиада школьников по технологии;культура дома, дизайн и технология;P0;6 38 40 41 5;*
0;Всероссийская олимпиада школьников по технологии;информационная безопасность;P0;6 38 40 41 5;*
0;Всероссийская олимпиада школьников по технологии;робототехника;P0;6 38 40 41 5;*
0;Всероссийская олимпиада школьников по экологии;экология;P0;6 38 40 41 5;*
0;Всероссийская олимпиада школьников по химии;химия;P0;6 38 40 41 5;*
0;Всероссийская олимпиада школьников по информатике;информатика;P0;6 38 40 41 5;*
-1;Всероссийская олимпиада школьников по русскому языку;русский язык;P0;6 38 40 41 5;R
-1;Всероссийская олимпиада школьников по астрономии;астрономия;P0;6 38 40 41 5;F
0;Всероссийская олимпиада школьников по математике;математика;P0;1;*
0;Всероссийская олимпиада школьников по физике;физика;P0;1;*
0;Всероссийская олимпиада школьников по технологии;техника, технология и техническое творчество;P0;1;*
0;Всероссийская олимпиада школьников по технологии;культура дома, дизайн и технология;P0;1;*
0;Всероссийская олимпиада школьников по технологии;информационная безопасность;P0;1;*
0;Всероссийская олимпиада школьников по технологии;робототехника;P0;1;*
-1;Всероссийская олимпиада школьников по русскому языку;русский язык;P0;1;R
-1;Всероссийская олимпиада школьников по астрономии;астрономия;P0;1;F
0;Всероссийская олимпиада школьников по математике;математика;P0;9 10 11 12 13 25 3 14 15 26 27 4 16 17 20 21 28 8 18 19 23 24 32 33 34 35 42 43 4 16 17 20 21 28 29 7 22 3 14 15 26 27 30 31 36 37;*
0;Всероссийская олимпиада школьников по физике;физика;P0;9 10 11 12 13 25 3 14 15 26 27 4 16 17 20 21 28 8 18 19 23 24 32 33 34 35 42 43 4 16 17 20 21 28 29 7 22 3 14 15 26 27 30 31 36 37;*
0;Всероссийская олимпиада школьников по технологии;техника, технология и техническое творчество;P0;9 10 11 12 13 25 3 14 15 26 27 4 16 17 20 21 28 8 18 19 23 24 32 33 34 35 42 43 4 16 17 20 21 28 29 7 22 3 14 15 26 27 30 31 36 37;*
0;Всероссийская олимпиада школьников по технологии;культура дома, дизайн и технология;P0;9 10 11 12 13 25 3 14 15 26 27 4 16 17 20 21 28 8 18 19 23 24 32 33 34 35 42 43 4 16 17 20 21 28 29 7 22 3 14 15 26 27 30 31 36 37;*
0;Всероссийская олимпиада школьников по технологии;информационная безопасность;P0;9 10 11 12 13 25 3 14 15 26 27 4 16 17 20 21 28 8 18 19 23 24 32 33 34 35 42 43 4 16 17 20 21 28 29 7 22 3 14 15 26 27 30 31 36 37;*
0;Всероссийская олимпиада школьников по технологии;робототехника;P0;9 10 11 12 13 25 3 14 15 26 27 4 16 17 20 21 28 8 18 19 23 24 32 33 34 35 42 43 4 16 17 20 21 28 29 7 22 3 14 15 26 27 30 31 36 37;*
0;Всероссийская олимпиада школьников по химии;химия;P0;9 10 11 12 13 25 3 14 15 26 27 4 16 17 20 21 28 8 18 19 23 24 32 33 34 35 42 43 4 16 17 20 21 28 29 7 22 3 14 15 26 27 30 31 36 37;*
0;Всероссийская олимпиада школьников по информатике;информатика;P0;9 10 11 12 13 25 3 14 15 26 27 4 16 17 20 21 28 8 18 19 23 24 32 33 34 35 42 43 4 16 17 20 21 28 29 7 22 3 14 15 26 27 30 31 36 37;*
-1;Всероссийская олимпиада школьников по русскому языку;русский язык;P0;9 10 11 12 13 25 3 14 15 26 27 4 16 17 20 21 28 8 18 19 23 24 32 33 34 35 42 43 4 16 17 20 21 28 29 7 22 3 14 15 26 27 30 31 36 37;R
-1;Всероссийская олимпиада школьников по астрономии;астрономия;P0;9 10 11 12 13 25 3 14 15 26 27 4 16 17 20 21 28 8 18 19 23 24 32 33 34 35 42 43 4 16 17 20 21 28 29 7 22 3 14 15 26 27 30 31 36 37;F
-1;Всероссийская олимпиада школьников по русскому языку;русский язык;P0;70;R
-1;Всероссийская олимпиада школьников по обществознанию;обществознание;P0;70;O
-1;Всероссийская олимпиада школьников по истории;история;P0;70;H
-1;Всероссийская олимпиада школьников по праву;право;P0;70;O
-1;Всероссийская олимпиада школьников по информатике;информатика;P0;70;I
0;Всероссийская олимпиада школьников по английскому языку;английский язык;P0;70;*
0;Всероссийская олимпиада школьников по испанскому языку;испанский язык;P0;70;*
0;Всероссийская олимпиада школьников по итальянскому языку;итальянский язык;P0;70;*
0;Всероссийская олимпиада школьников по китайскому языку;китайский язык;P0;70;*
0;Всероссийская олимпиада школьников по немецкому языку;немецкий язык;P0;70;*
0;Всероссийская олимпиада школьников по франзускому языку;французский язык;P0;70;*
0;Всероссийская олимпиада школьников по информатике;информатика;P0;44 45 51 46 54 55 49 50 47 48 52 53;*
0;Всероссийская олимпиада школьников по математике;математика;P0;44 45 51 46 54 55 49 50 47 48 52 53;*
0;Всероссийская олимпиада школьников по технологии;техника, технология и техническое творчество;P0;44 45 51 46 54 55 49 50 47 48 52 53;*
0;Всероссийская олимпиада школьников по технологии;культура дома, дизайн и технология;P0;44 45 51 46 54 55 49 50 47 48 52 53;*
0;Всероссийская олимпиада школьников по технологии;информационная безопасность;P0;44 45 51 46 54 55 49 50 47 48 52 53;*
0;Всероссийская олимпиада школьников по технологии;робототехника;P0;44 45 51 46 54 55 49 50 47 48 52 53;*
0;Всероссийская олимпиада школьников по физике;физика;P0;44 45 51 46 54 55 49 50 47 48 52 53;*
-1;Всероссийская олимпиада школьников по русскому языку;русский язык;P0;44 45 51 46 54 55 49 50 47 48 52 53;R
-1;Всероссийская олимпиада школьников по химии;химия;P0;44 45 51 46 54 55 49 50 47 48 52 53;C
0;Всероссийская олимпиада школьников по английскому языку;английский язык;P0;57 56 58 59 60 64 65 66 67 68 61 62 63;*
0;Всероссийская олимпиада школьников по испанскому языку;испанский язык;P0;57 56 58 59 60 64 65 66 67 68 61 62 63;*
0;Всероссийская олимпиада школьников по итальянскому языку;итальянский язык;P0;57 56 58 59 60 64 65 66 67 68 61 62 63;*
0;Всероссийская олимпиада школьников по китайскому языку;китайский язык;P0;57 56 58 59 60 64 65 66 67 68 61 62 63;*
0;Всероссийская олимпиада школьников по немецкому языку;немецкий язык;P0;57 56 58 59 60 64 65 66 67 68 61 62 63;*
0;Всероссийская олимпиада школьников по франзускому языку;французский язык;P0;57 56 58 59 60 64 65 66 67 68 61 62 63;*
0;Всероссийская олимпиада школьников по математике;математика;P0;57 56 58 59 60 64 65 66 67 68 61 62 63;*
0;Всероссийская олимпиада школьников по экономике;экономика;P0;57 56 58 59 60 64 65 66 67 68 61 62 63;*
0;Всероссийская олимпиада школьников по обществознанию;обществознание;P0;57 56 58 59 60 64 65 66 67 68 61 62 63;*
-1;Всероссийская олимпиада школьников по русскому языку;русский язык;P0;57 56 58 59 60 64 65 66 67 68 61 62 63;R
0;Всероссийская олимпиада школьников по математике;математика;P0;4 16 17 20 21 28 29 2 3 14 15 26 27 7 22 8 18 19 23 24 32 33 34 35 42 43 4 16 17 20 21 28 29;*
0;Всероссийская олимпиада школьников по физике;физика;P0;4 16 17 20 21 28 29 2 3 14 15 26 27 7 22 8 18 19 23 24 32 33 34 35 42 43 4 16 17 20 21 28 29;*
0;Всероссийская олимпиада школьников по технологии;техника, технология и техническое творчество;P0;4 16 17 20 21 28 29 2 3 14 15 26 27 7 22 8 18 19 23 24 32 33 34 35 42 43 4 16 17 20 21 28 29;*
0;Всероссийская олимпиада школьников по технологии;культура дома, дизайн и технология;P0;4 16 17 20 21 28 29 2 3 14 15 26 27 7 22 8 18 19 23 24 32 33 34 35 42 43 4 16 17 20 21 28 29;*
0;Всероссийская олимпиада школьников по технологии;информационная безопасность;P0;4 16 17 20 21 28 29 2 3 14 15 26 27 7 22 8 18 19 23 24 32 33 34 35 42 43 4 16 17 20 21 28 29;*
0;Всероссийская олимпиада школьников по технологии;робототехника;P0;4 16 17 20 21 28 29 2 3 14 15 26 27 7 22 8 18 19 23 24 32 33 34 35 42 43 4 16 17 20 21 28 29;*
0;Всероссийская олимпиада школьников по химии;химия;P0;4 16 17 20 21 28 29 2 3 14 15 26 27 7 22 8 18 19 23 24 32 33 34 35 42 43 4 16 17 20 21 28 29;*
0;Всероссийская олимпиада школьников по информатике;информатика;P0;4 16 17 20 21 28 29 2 3 14 15 26 27 7 22 8 18 19 23 24 32 33 34 35 42 43 4 16 17 20 21 28 29;*
-1;Всероссийская олимпиада школьников по русскому языку;русский язык;P0;4 16 17 20 21 28 29 2 3 14 15 26 27 7 22 8 18 19 23 24 32 33 34 35 42 43 4 16 17 20 21 28 29;R
-1;Всероссийская олимпиада школьников по астрономии;астрономия;P0;4 16 17 20 21 28 29 2 3 14 15 26 27 7 22 8 18 19 23 24 32 33 34 35 42 43 4 16 17 20 21 28 29;F
0;«Формула Единства» / «Третье тысячелетие»;иностранный язык;P3;57 58 59 60 61 62 63 64 65 66 67 68 69 70;L
0;Всероссийская олимпиада школьников «Высшая проба»;восточные языки;P3;57 58 59 60 61 62 63 64 65 66 67 68 69 70;L
0;Всероссийская олимпиада школьников «Высшая проба»;иностранный язык;P3;57 58 59 60 61 62 63 64 65 66 67 68 69 70;L
0;Всероссийская олимпиада школьников «Миссия выполнима. Твое призвание - финансист!»;иностранный язык;P3;57 58 59 60 61 62 63 64 65 66 67 68 69 70;L
0;Герценовская олимпиада школьников;иностранные языки;P3;57 58 59 60 61 62 63 64 65 66 67 68 69 70;L
0;Герценовская олимпиада школьников;иностранный язык;P3;57 58 59 60 61 62 63 64 65 66 67 68 69 70;L
0;Межрегиональная олимпиада школьников «Евразийская лингвистическая олимпиада»;иностранный язык;P3;57 58 59 60 61 62 63 64 65 66 67 68 69 70;L
0;Межрегиональная олимпиада школьников на базе ведомственных образовательных организаций;иностранный язык;P3;57 58 59 60 61 62 63 64 65 66 67 68 69 70;L
0;Межрегиональные предметные олимпиады федерального государственного автономного образовательного учреждения высшего образования «Казанский (Приволжский) федеральный университет»;иностранный язык;P3;57 58 59 60 61 62 63 64 65 66 67 68 69 70;L
0;Московская олимпиада школьников;лингвистика;P3;57 58 59 60 61 62 63 64 65 66 67 68 69 70;L
0;Объединённая международная математическая олимпиада «Формула Единства» / «Третье тысячелетие»;иностранный язык;P3;57 58 59 60 61 62 63 64 65 66 67 68 69 70;L
0;Объединённая международная математическая олимпиада «Формула Единства» / «Третье тысячелетие»;английский язык;P3;57 58 59 60 61 62 63 64 65 66 67 68 69 70;L
0;Олимпиада РГГУ для школьников;иностранный язык;P3;57 58 59 60 61 62 63 64 65 66 67 68 69 70;L
0;Олимпиада школьников «Ломоносов»;иностранный язык;P3;57 58 59 60 61 62 63 64 65 66 67 68 69 70;L
0;Олимпиада школьников «Покори Воробьёвы горы!»;иностранный язык;P3;57 58 59 60 61 62 63 64 65 66 67 68 69 70;L
0;Олимпиада школьников Российской академии народного хозяйства и государственной службы при Президенте Российской Федерации;иностранный язык;P3;57 58 59 60 61 62 63 64 65 66 67 68 69 70;L
0;Олимпиада школьников Санкт-Петербургского государственного университета;иностранный язык;P3;57 58 59 60 61 62 63 64 65 66 67 68 69 70;L
0;Олимпиада школьников Санкт-Петербургского государственного университета;филология;P3;57 58 59 60 61 62 63 64 65 66 67 68 69 70;L
0;Олимпиада школьников Санкт-Петербургского государственного университета;китайский язык;P3;57 58 59 60 61 62 63 64 65 66 67 68 69 70;L
0;Плехановская олимпиада школьников;иностранный язык;P3;57 58 59 60 61 62 63 64 65 66 67 68 69 70;L
0;Региональный конкурс школьников Челябинского университетского образовательного округа;иностранный язык;P3;57 58 59 60 61 62 63 64 65 66 67 68 69 70;L
0;Турнир имени М.В. Ломоносова;лингвистика;P3;57 58 59 60 61 62 63 64 65 66 67 68 69 70;L
0;Учитель школы будущего;иностранный язык;P3;57 58 59 60 61 62 63 64 65 66 67 68 69 70;L
0;«Наследники Левши»;физика;P3;1 2 3 4 5 6 7 8 9 10 11 12 13 14 15 16 17 18 19 20 21 22 23 24 25 26 27 28 29 30 31 32 33 34 35 36 37 38 39 40 41 42 43 44 45 46 47 48 49 50 51 52 53 54 55;F
0;«Формула Единства» / «Третье тысячелетие»;физика;P3;1 2 3 4 5 6 7 8 9 10 11 12 13 14 15 16 17 18 19 20 21 22 23 24 25 26 27 28 29 30 31 32 33 34 35 36 37 38 39 40 41 42 43 44 45 46 47 48 49 50 51 52 53 54 55;F
0;Всероссийская междисциплинарная олимпиада школьников «Национальная технологическая олимпиада»;автоматизация бизнес-процессов;P3;1 2 3 4 5 6 7 8 9 10 11 12 13 14 15 16 17 18 19 20 21 22 23 24 25 26 27 28 29 30 31 32 33 34 35 36 37 38 39 40 41 42 43 44 45 46 47 48 49 50 51 52 53 54 55;F
0;Всероссийская междисциплинарная олимпиада школьников «Национальная технологическая олимпиада»;автономные транспортные системы;P3;1 2 3 4 5 6 7 8 9 10 11 12 13 14 15 16 17 18 19 20 21 22 23 24 25 26 27 28 29 30 31 32 33 34 35 36 37 38 39 40 41 42 43 44 45 46 47 48 49 50 51 52 53 54 55;F
0;Всероссийская междисциплинарная олимпиада школьников «Национальная технологическая олимпиада»;анализ космических снимков и геопространственных данных;P3;1 2 3 4 5 6 7 8 9 10 11 12 13 14 15 16 17 18 19 20 21 22 23 24 25 26 27 28 29 30 31 32 33 34 35 36 37 38 39 40 41 42 43 44 45 46 47 48 49 50 51 52 53 54 55;F
0;Всероссийская междисциплинарная олимпиада школьников «Национальная технологическая олимпиада»;аэрокосмические системы;P3;1 2 3 4 5 6 7 8 9 10 11 12 13 14 15 16 17 18 19 20 21 22 23 24 25 26 27 28 29 30 31 32 33 34 35 36 37 38 39 40 41 42 43 44 45 46 47 48 49 50 51 52 53 54 55;F
0;Всероссийская междисциплинарная олимпиада школьников «Национальная технологическая олимпиада»;беспилотные авиационные системы ;P3;1 2 3 4 5 6 7 8 9 10 11 12 13 14 15 16 17 18 19 20 21 22 23 24 25 26 27 28 29 30 31 32 33 34 35 36 37 38 39 40 41 42 43 44 45 46 47 48 49 50 51 52 53 54 55;F
0;Всероссийская междисциплинарная олимпиада школьников «Национальная технологическая олимпиада»;большие данные и машинное обучение;P3;1 2 3 4 5 6 7 8 9 10 11 12 13 14 15 16 17 18 19 20 21 22 23 24 25 26 27 28 29 30 31 32 33 34 35 36 37 38 39 40 41 42 43 44 45 46 47 48 49 50 51 52 53 54 55;F
0;Всероссийская междисциплинарная олимпиада школьников «Национальная технологическая олимпиада»;водные робототехнические системы ;P3;1 2 3 4 5 6 7 8 9 10 11 12 13 14 15 16 17 18 19 20 21 22 23 24 25 26 27 28 29 30 31 32 33 34 35 36 37 38 39 40 41 42 43 44 45 46 47 48 49 50 51 52 53 54 55;F
0;Всероссийская междисциплинарная олимпиада школьников «Национальная технологическая олимпиада»;геномное редактирование;P3;1 2 3 4 5 6 7 8 9 10 11 12 13 14 15 16 17 18 19 20 21 22 23 24 25 26 27 28 29 30 31 32 33 34 35 36 37 38 39 40 41 42 43 44 45 46 47 48 49 50 51 52 53 54 55;F
0;Всероссийская междисциплинарная олимпиада школьников «Национальная технологическая олимпиада»;инженерные биологические системы: агробиотехнологии ;P3;1 2 3 4 5 6 7 8 9 10 11 12 13 14 15 16 17 18 19 20 21 22 23 24 25 26 27 28 29 30 31 32 33 34 35 36 37 38 39 40 41 42 43 44 45 46 47 48 49 50 51 52 53 54 55;F
0;Всероссийская междисциплинарная олимпиада школьников «Национальная технологическая олимпиада»;интеллектуальные робототехнические системы;P3;1 2 3 4 5 6 7 8 9 10 11 12 13 14 15 16 17 18 19 20 21 22 23 24 25 26 27 28 29 30 31 32 33 34 35 36 37 38 39 40 41 42 43 44 45 46 47 48 49 50 51 52 53 54 55;F
0;Всероссийская междисциплинарная олимпиада школьников «Национальная технологическая олимпиада»;интеллектуальные энергетические системы ;P3;1 2 3 4 5 6 7 8 9 10 11 12 13 14 15 16 17 18 19 20 21 22 23 24 25 26 27 28 29 30 31 32 33 34 35 36 37 38 39 40 41 42 43 44 45 46 47 48 49 50 51 52 53 54 55;F
0;Всероссийская междисциплинарная олимпиада школьников «Национальная технологическая олимпиада»;информационная безопасность ;P3;1 2 3 4 5 6 7 8 9 10 11 12 13 14 15 16 17 18 19 20 21 22 23 24 25 26 27 28 29 30 31 32 33 34 35 36 37 38 39 40 41 42 43 44 45 46 47 48 49 50 51 52 53 54 55;F
0;Всероссийская междисциплинарная олимпиада школьников «Национальная технологическая олимпиада»;искусственный интеллект;P3;1 2 3 4 5 6 7 8 9 10 11 12 13 14 15 16 17 18 19 20 21 22 23 24 25 26 27 28 29 30 31 32 33 34 35 36 37 38 39 40 41 42 43 44 45 46 47 48 49 50 51 52 53 54 55;F
0;Всероссийская междисциплинарная олимпиада школьников «Национальная технологическая олимпиада»;композитные технологии ;P3;1 2 3 4 5 6 7 8 9 10 11 12 13 14 15 16 17 18 19 20 21 22 23 24 25 26 27 28 29 30 31 32 33 34 35 36 37 38 39 40 41 42 43 44 45 46 47 48 49 50 51 52 53 54 55;F
0;Всероссийская междисциплинарная олимпиада школьников «Национальная технологическая олимпиада»;летающая робототехника ;P3;1 2 3 4 5 6 7 8 9 10 11 12 13 14 15 16 17 18 19 20 21 22 23 24 25 26 27 28 29 30 31 32 33 34 35 36 37 38 39 40 41 42 43 44 45 46 47 48 49 50 51 52 53 54 55;F
0;Всероссийская междисциплинарная олимпиада школьников «Национальная технологическая олимпиада»;наносистемы и наноинженерия;P3;1 2 3 4 5 6 7 8 9 10 11 12 13 14 15 16 17 18 19 20 21 22 23 24 25 26 27 28 29 30 31 32 33 34 35 36 37 38 39 40 41 42 43 44 45 46 47 48 49 50 51 52 53 54 55;F
0;Всероссийская междисциплинарная олимпиада школьников «Национальная технологическая олимпиада»;нейротехнологии и когнитивные науки;P3;1 2 3 4 5 6 7 8 9 10 11 12 13 14 15 16 17 18 19 20 21 22 23 24 25 26 27 28 29 30 31 32 33 34 35 36 37 38 39 40 41 42 43 44 45 46 47 48 49 50 51 52 53 54 55;F
0;Всероссийская междисциплинарная олимпиада школьников «Национальная технологическая олимпиада»;новые материалы;P3;1 2 3 4 5 6 7 8 9 10 11 12 13 14 15 16 17 18 19 20 21 22 23 24 25 26 27 28 29 30 31 32 33 34 35 36 37 38 39 40 41 42 43 44 45 46 47 48 49 50 51 52 53 54 55;F
0;Всероссийская междисциплинарная олимпиада школьников «Национальная технологическая олимпиада»;передовые производственные технологии;P3;1 2 3 4 5 6 7 8 9 10 11 12 13 14 15 16 17 18 19 20 21 22 23 24 25 26 27 28 29 30 31 32 33 34 35 36 37 38 39 40 41 42 43 44 45 46 47 48 49 50 51 52 53 54 55;F
0;Всероссийская междисциплинарная олимпиада школьников «Национальная технологическая олимпиада»;разработка компьютерных игр;P3;1 2 3 4 5 6 7 8 9 10 11 12 13 14 15 16 17 18 19 20 21 22 23 24 25 26 27 28 29 30 31 32 33 34 35 36 37 38 39 40 41 42 43 44 45 46 47 48 49 50 51 52 53 54 55;F
0;Всероссийская междисциплинарная олимпиада школьников «Национальная технологическая олимпиада»;спутниковые системы ;P3;1 2 3 4 5 6 7 8 9 10 11 12 13 14 15 16 17 18 19 20 21 22 23 24 25 26 27 28 29 30 31 32 33 34 35 36 37 38 39 40 41 42 43 44 45 46 47 48 49 50 51 52 53 54 55;F
0;Всероссийская междисциплинарная олимпиада школьников «Национальная технологическая олимпиада»;технологии беспроводной связи;P3;1 2 3 4 5 6 7 8 9 10 11 12 13 14 15 16 17 18 19 20 21 22 23 24 25 26 27 28 29 30 31 32 33 34 35 36 37 38 39 40 41 42 43 44 45 46 47 48 49 50 51 52 53 54 55;F
0;Всероссийская междисциплинарная олимпиада школьников «Национальная технологическая олимпиада»;технологии виртуальной реальности;P3;1 2 3 4 5 6 7 8 9 10 11 12 13 14 15 16 17 18 19 20 21 22 23 24 25 26 27 28 29 30 31 32 33 34 35 36 37 38 39 40 41 42 43 44 45 46 47 48 49 50 51 52 53 54 55;F
0;Всероссийская междисциплинарная олимпиада школьников «Национальная технологическая олимпиада»;технологии дополненной реальности;P3;1 2 3 4 5 6 7 8 9 10 11 12 13 14 15 16 17 18 19 20 21 22 23 24 25 26 27 28 29 30 31 32 33 34 35 36 37 38 39 40 41 42 43 44 45 46 47 48 49 50 51 52 53 54 55;F
0;Всероссийская междисциплинарная олимпиада школьников «Национальная технологическая олимпиада»;умный город ;P3;1 2 3 4 5 6 7 8 9 10 11 12 13 14 15 16 17 18 19 20 21 22 23 24 25 26 27 28 29 30 31 32 33 34 35 36 37 38 39 40 41 42 43 44 45 46 47 48 49 50 51 52 53 54 55;F
0;Всероссийская междисциплинарная олимпиада школьников «Национальная технологическая олимпиада»;финансовый инжиниринг;P3;1 2 3 4 5 6 7 8 9 10 11 12 13 14 15 16 17 18 19 20 21 22 23 24 25 26 27 28 29 30 31 32 33 34 35 36 37 38 39 40 41 42 43 44 45 46 47 48 49 50 51 52 53 54 55;F
0;Всероссийская междисциплинарная олимпиада школьников «Национальная технологическая олимпиада»;цифровые технологии в архитектуре;P3;1 2 3 4 5 6 7 8 9 10 11 12 13 14 15 16 17 18 19 20 21 22 23 24 25 26 27 28 29 30 31 32 33 34 35 36 37 38 39 40 41 42 43 44 45 46 47 48 49 50 51 52 53 54 55;F
0;Всероссийская междисциплинарная олимпиада школьников «Национальная технологическая олимпиада»;ядерные технологии;P3;1 2 3 4 5 6 7 8 9 10 11 12 13 14 15 16 17 18 19 20 21 22 23 24 25 26 27 28 29 30 31 32 33 34 35 36 37 38 39 40 41 42 43 44 45 46 47 48 49 50 51 52 53 54 55;F
0;Всероссийская междисциплинарная олимпиада школьников 8-11 класса «Национальная технологическая олимпиада»;автоматизация бизнес-процессов ;P3;1 2 3 4 5 6 7 8 9 10 11 12 13 14 15 16 17 18 19 20 21 22 23 24 25 26 27 28 29 30 31 32 33 34 35 36 37 38 39 40 41 42 43 44 45 46 47 48 49 50 51 52 53 54 55;F
0;Всероссийская междисциплинарная олимпиада школьников 8-11 класса «Национальная технологическая олимпиада»;автономные транспортные системы;P3;1 2 3 4 5 6 7 8 9 10 11 12 13 14 15 16 17 18 19 20 21 22 23 24 25 26 27 28 29 30 31 32 33 34 35 36 37 38 39 40 41 42 43 44 45 46 47 48 49 50 51 52 53 54 55;F
0;Всероссийская междисциплинарная олимпиада школьников 8-11 класса «Национальная технологическая олимпиада»;анализ космических снимков и геопространственных данных ;P3;1 2 3 4 5 6 7 8 9 10 11 12 13 14 15 16 17 18 19 20 21 22 23 24 25 26 27 28 29 30 31 32 33 34 35 36 37 38 39 40 41 42 43 44 45 46 47 48 49 50 51 52 53 54 55;F
0;Всероссийская междисциплинарная олимпиада школьников 8-11 класса «Национальная технологическая олимпиада»;аэрокосмические системы;P3;1 2 3 4 5 6 7 8 9 10 11 12 13 14 15 16 17 18 19 20 21 22 23 24 25 26 27 28 29 30 31 32 33 34 35 36 37 38 39 40 41 42 43 44 45 46 47 48 49 50 51 52 53 54 55;F
0;Всероссийская междисциплинарная олимпиада школьников 8-11 класса «Национальная технологическая олимпиада»;беспилотные авиационные системы ;P3;1 2 3 4 5 6 7 8 9 10 11 12 13 14 15 16 17 18 19 20 21 22 23 24 25 26 27 28 29 30 31 32 33 34 35 36 37 38 39 40 41 42 43 44 45 46 47 48 49 50 51 52 53 54 55;F
0;Всероссийская междисциплинарная олимпиада школьников 8-11 класса «Национальная технологическая олимпиада»;большие данные и машинное обучение ;P3;1 2 3 4 5 6 7 8 9 10 11 12 13 14 15 16 17 18 19 20 21 22 23 24 25 26 27 28 29 30 31 32 33 34 35 36 37 38 39 40 41 42 43 44 45 46 47 48 49 50 51 52 53 54 55;F
0;Всероссийская междисциплинарная олимпиада школьников 8-11 класса «Национальная технологическая олимпиада»;водные робототехнические системы;P3;1 2 3 4 5 6 7 8 9 10 11 12 13 14 15 16 17 18 19 20 21 22 23 24 25 26 27 28 29 30 31 32 33 34 35 36 37 38 39 40 41 42 43 44 45 46 47 48 49 50 51 52 53 54 55;F
0;Всероссийская междисциплинарная олимпиада школьников 8-11 класса «Национальная технологическая олимпиада»;геномное редактирование;P3;1 2 3 4 5 6 7 8 9 10 11 12 13 14 15 16 17 18 19 20 21 22 23 24 25 26 27 28 29 30 31 32 33 34 35 36 37 38 39 40 41 42 43 44 45 46 47 48 49 50 51 52 53 54 55;F
0;Всероссийская междисциплинарная олимпиада школьников 8-11 класса «Национальная технологическая олимпиада»;инженерные биологические системы;P3;1 2 3 4 5 6 7 8 9 10 11 12 13 14 15 16 17 18 19 20 21 22 23 24 25 26 27 28 29 30 31 32 33 34 35 36 37 38 39 40 41 42 43 44 45 46 47 48 49 50 51 52 53 54 55;F
0;Всероссийская междисциплинарная олимпиада школьников 8-11 класса «Национальная технологическая олимпиада»;интеллектуальные робототехнические системы;P3;1 2 3 4 5 6 7 8 9 10 11 12 13 14 15 16 17 18 19 20 21 22 23 24 25 26 27 28 29 30 31 32 33 34 35 36 37 38 39 40 41 42 43 44 45 46 47 48 49 50 51 52 53 54 55;F
0;Всероссийская междисциплинарная олимпиада школьников 8-11 класса «Национальная технологическая олимпиада»;интеллектуальные энергетические системы ;P3;1 2 3 4 5 6 7 8 9 10 11 12 13 14 15 16 17 18 19 20 21 22 23 24 25 26 27 28 29 30 31 32 33 34 35 36 37 38 39 40 41 42 43 44 45 46 47 48 49 50 51 52 53 54 55;F
0;Всероссийская междисциплинарная олимпиада школьников 8-11 класса «Национальная технологическая олимпиада»;информационная безопасность;P3;1 2 3 4 5 6 7 8 9 10 11 12 13 14 15 16 17 18 19 20 21 22 23 24 25 26 27 28 29 30 31 32 33 34 35 36 37 38 39 40 41 42 43 44 45 46 47 48 49 50 51 52 53 54 55;F
0;Всероссийская междисциплинарная олимпиада школьников 8-11 класса «Национальная технологическая олимпиада»;искусственный интеллект;P3;1 2 3 4 5 6 7 8 9 10 11 12 13 14 15 16 17 18 19 20 21 22 23 24 25 26 27 28 29 30 31 32 33 34 35 36 37 38 39 40 41 42 43 44 45 46 47 48 49 50 51 52 53 54 55;F
0;Всероссийская междисциплинарная олимпиада школьников 8-11 класса «Национальная технологическая олимпиада»;летающая робототехника;P3;1 2 3 4 5 6 7 8 9 10 11 12 13 14 15 16 17 18 19 20 21 22 23 24 25 26 27 28 29 30 31 32 33 34 35 36 37 38 39 40 41 42 43 44 45 46 47 48 49 50 51 52 53 54 55;F
0;Всероссийская междисциплинарная олимпиада школьников 8-11 класса «Национальная технологическая олимпиада»;наносистемы и наноинженерия;P3;1 2 3 4 5 6 7 8 9 10 11 12 13 14 15 16 17 18 19 20 21 22 23 24 25 26 27 28 29 30 31 32 33 34 35 36 37 38 39 40 41 42 43 44 45 46 47 48 49 50 51 52 53 54 55;F
0;Всероссийская междисциплинарная олимпиада школьников 8-11 класса «Национальная технологическая олимпиада»;нейротехнологии и когнитивные науки;P3;1 2 3 4 5 6 7 8 9 10 11 12 13 14 15 16 17 18 19 20 21 22 23 24 25 26 27 28 29 30 31 32 33 34 35 36 37 38 39 40 41 42 43 44 45 46 47 48 49 50 51 52 53 54 55;F
0;Всероссийская междисциплинарная олимпиада школьников 8-11 класса «Национальная технологическая олимпиада»;новые материалы ;P3;1 2 3 4 5 6 7 8 9 10 11 12 13 14 15 16 17 18 19 20 21 22 23 24 25 26 27 28 29 30 31 32 33 34 35 36 37 38 39 40 41 42 43 44 45 46 47 48 49 50 51 52 53 54 55;F
0;Всероссийская междисциплинарная олимпиада школьников 8-11 класса «Национальная технологическая олимпиада»;передовые производственные технологии;P3;1 2 3 4 5 6 7 8 9 10 11 12 13 14 15 16 17 18 19 20 21 22 23 24 25 26 27 28 29 30 31 32 33 34 35 36 37 38 39 40 41 42 43 44 45 46 47 48 49 50 51 52 53 54 55;F
0;Всероссийская междисциплинарная олимпиада школьников 8-11 класса «Национальная технологическая олимпиада»;спутниковые системы;P3;1 2 3 4 5 6 7 8 9 10 11 12 13 14 15 16 17 18 19 20 21 22 23 24 25 26 27 28 29 30 31 32 33 34 35 36 37 38 39 40 41 42 43 44 45 46 47 48 49 50 51 52 53 54 55;F
0;Всероссийская междисциплинарная олимпиада школьников 8-11 класса «Национальная технологическая олимпиада»;технологии беспроводной связи;P3;1 2 3 4 5 6 7 8 9 10 11 12 13 14 15 16 17 18 19 20 21 22 23 24 25 26 27 28 29 30 31 32 33 34 35 36 37 38 39 40 41 42 43 44 45 46 47 48 49 50 51 52 53 54 55;F
0;Всероссийская междисциплинарная олимпиада школьников 8-11 класса «Национальная технологическая олимпиада»;технологии виртуальной реальности;P3;1 2 3 4 5 6 7 8 9 10 11 12 13 14 15 16 17 18 19 20 21 22 23 24 25 26 27 28 29 30 31 32 33 34 35 36 37 38 39 40 41 42 43 44 45 46 47 48 49 50 51 52 53 54 55;F
0;Всероссийская междисциплинарная олимпиада школьников 8-11 класса «Национальная технологическая олимпиада»;технологии дополненной реальности;P3;1 2 3 4 5 6 7 8 9 10 11 12 13 14 15 16 17 18 19 20 21 22 23 24 25 26 27 28 29 30 31 32 33 34 35 36 37 38 39 40 41 42 43 44 45 46 47 48 49 50 51 52 53 54 55;F
0;Всероссийская междисциплинарная олимпиада школьников 8-11 класса «Национальная технологическая олимпиада»;технологическое предпринимательство;P3;1 2 3 4 5 6 7 8 9 10 11 12 13 14 15 16 17 18 19 20 21 22 23 24 25 26 27 28 29 30 31 32 33 34 35 36 37 38 39 40 41 42 43 44 45 46 47 48 49 50 51 52 53 54 55;F
0;Всероссийская междисциплинарная олимпиада школьников 8-11 класса «Национальная технологическая олимпиада»;умный город;P3;1 2 3 4 5 6 7 8 9 10 11 12 13 14 15 16 17 18 19 20 21 22 23 24 25 26 27 28 29 30 31 32 33 34 35 36 37 38 39 40 41 42 43 44 45 46 47 48 49 50 51 52 53 54 55;F
0;Всероссийская междисциплинарная олимпиада школьников 8-11 класса «Национальная технологическая олимпиада»;фотоника;P3;1 2 3 4 5 6 7 8 9 10 11 12 13 14 15 16 17 18 19 20 21 22 23 24 25 26 27 28 29 30 31 32 33 34 35 36 37 38 39 40 41 42 43 44 45 46 47 48 49 50 51 52 53 54 55;F
0;Всероссийская междисциплинарная олимпиада школьников 8-11 класса «Национальная технологическая олимпиада»;ядерные технологии;P3;1 2 3 4 5 6 7 8 9 10 11 12 13 14 15 16 17 18 19 20 21 22 23 24 25 26 27 28 29 30 31 32 33 34 35 36 37 38 39 40 41 42 43 44 45 46 47 48 49 50 51 52 53 54 55;F
0;Всероссийская олимпиада школьников «Высшая проба»;физика;P3;1 2 3 4 5 6 7 8 9 10 11 12 13 14 15 16 17 18 19 20 21 22 23 24 25 26 27 28 29 30 31 32 33 34 35 36 37 38 39 40 41 42 43 44 45 46 47 48 49 50 51 52 53 54 55;F
0;Всероссийская олимпиада школьников «Высшая проба»;электроника и вычислительная техника;P3;1 2 3 4 5 6 7 8 9 10 11 12 13 14 15 16 17 18 19 20 21 22 23 24 25 26 27 28 29 30 31 32 33 34 35 36 37 38 39 40 41 42 43 44 45 46 47 48 49 50 51 52 53 54 55;F
0;Всероссийская олимпиада школьников «Высшая проба»;инженерные науки;P3;1 2 3 4 5 6 7 8 9 10 11 12 13 14 15 16 17 18 19 20 21 22 23 24 25 26 27 28 29 30 31 32 33 34 35 36 37 38 39 40 41 42 43 44 45 46 47 48 49 50 51 52 53 54 55;F
0;Всероссийская олимпиада школьников «Высшая проба»;анализ данных;P3;1 2 3 4 5 6 7 8 9 10 11 12 13 14 15 16 17 18 19 20 21 22 23 24 25 26 27 28 29 30 31 32 33 34 35 36 37 38 39 40 41 42 43 44 45 46 47 48 49 50 51 52 53 54 55;F
0;Всероссийская олимпиада школьников «Нанотехнологии - прорыв в будущее!» ;нанотехнологии;P3;1 2 3 4 5 6 7 8 9 10 11 12 13 14 15 16 17 18 19 20 21 22 23 24 25 26 27 28 29 30 31 32 33 34 35 36 37 38 39 40 41 42 43 44 45 46 47 48 49 50 51 52 53 54 55;F
0;Всероссийский конкурс научных работ школьников «Юниор»;естественные науки;P3;1 2 3 4 5 6 7 8 9 10 11 12 13 14 15 16 17 18 19 20 21 22 23 24 25 26 27 28 29 30 31 32 33 34 35 36 37 38 39 40 41 42 43 44 45 46 47 48 49 50 51 52 53 54 55;F
0;Всероссийский конкурс научных работ школьников «Юниор»;инженерные науки;P3;1 2 3 4 5 6 7 8 9 10 11 12 13 14 15 16 17 18 19 20 21 22 23 24 25 26 27 28 29 30 31 32 33 34 35 36 37 38 39 40 41 42 43 44 45 46 47 48 49 50 51 52 53 54 55;F
0;Всесибирская открытая олимпиада школьников;физика;P3;1 2 3 4 5 6 7 8 9 10 11 12 13 14 15 16 17 18 19 20 21 22 23 24 25 26 27 28 29 30 31 32 33 34 35 36 37 38 39 40 41 42 43 44 45 46 47 48 49 50 51 52 53 54 55;F
0;Всесибирская открытая олимпиада школьников;астрономия;P3;1 2 3 4 5 6 7 8 9 10 11 12 13 14 15 16 17 18 19 20 21 22 23 24 25 26 27 28 29 30 31 32 33 34 35 36 37 38 39 40 41 42 43 44 45 46 47 48 49 50 51 52 53 54 55;F
0;Городская открытая олимпиада школьников по физике;физика;P3;1 2 3 4 5 6 7 8 9 10 11 12 13 14 15 16 17 18 19 20 21 22 23 24 25 26 27 28 29 30 31 32 33 34 35 36 37 38 39 40 41 42 43 44 45 46 47 48 49 50 51 52 53 54 55;F
0;Инженерная олимпиада школьников;физика;P3;1 2 3 4 5 6 7 8 9 10 11 12 13 14 15 16 17 18 19 20 21 22 23 24 25 26 27 28 29 30 31 32 33 34 35 36 37 38 39 40 41 42 43 44 45 46 47 48 49 50 51 52 53 54 55;F
0;Интернет-олимпиада школьников по физике;физика;P3;1 2 3 4 5 6 7 8 9 10 11 12 13 14 15 16 17 18 19 20 21 22 23 24 25 26 27 28 29 30 31 32 33 34 35 36 37 38 39 40 41 42 43 44 45 46 47 48 49 50 51 52 53 54 55;F
0;Многопрофильная олимпиада школьников Уральского федерального университета «Изумруд»;физика;P3;1 2 3 4 5 6 7 8 9 10 11 12 13 14 15 16 17 18 19 20 21 22 23 24 25 26 27 28 29 30 31 32 33 34 35 36 37 38 39 40 41 42 43 44 45 46 47 48 49 50 51 52 53 54 55;F
0;Межрегиональная олимпиада школьников «Будущие исследователи - будущее науки»;физика;P3;1 2 3 4 5 6 7 8 9 10 11 12 13 14 15 16 17 18 19 20 21 22 23 24 25 26 27 28 29 30 31 32 33 34 35 36 37 38 39 40 41 42 43 44 45 46 47 48 49 50 51 52 53 54 55;F
0;Межрегиональная олимпиада школьников «САММАТ»;математика;P3;1 2 3 4 5 6 7 8 9 10 11 12 13 14 15 16 17 18 19 20 21 22 23 24 25 26 27 28 29 30 31 32 33 34 35 36 37 38 39 40 41 42 43 44 45 46 47 48 49 50 51 52 53 54 55;F
0;Межрегиональная олимпиада школьников им. И.Я. Верченко;компьютерная безопасность;P3;1 2 3 4 5 6 7 8 9 10 11 12 13 14 15 16 17 18 19 20 21 22 23 24 25 26 27 28 29 30 31 32 33 34 35 36 37 38 39 40 41 42 43 44 45 46 47 48 49 50 51 52 53 54 55;F
0;Межрегиональная олимпиада школьников на базе ведомственных образовательных организаций;физика;P3;1 2 3 4 5 6 7 8 9 10 11 12 13 14 15 16 17 18 19 20 21 22 23 24 25 26 27 28 29 30 31 32 33 34 35 36 37 38 39 40 41 42 43 44 45 46 47 48 49 50 51 52 53 54 55;F
0;Межрегиональная отраслевая олимпиада школьников «Паруса надежды»;техника и технологии;P3;1 2 3 4 5 6 7 8 9 10 11 12 13 14 15 16 17 18 19 20 21 22 23 24 25 26 27 28 29 30 31 32 33 34 35 36 37 38 39 40 41 42 43 44 45 46 47 48 49 50 51 52 53 54 55;F
0;Межрегиональные предметные олимпиады федерального государственного автономного образовательного учреждения высшего образования «Казанский (Приволжский) федеральный университет»;геология;P3;1 2 3 4 5 6 7 8 9 10 11 12 13 14 15 16 17 18 19 20 21 22 23 24 25 26 27 28 29 30 31 32 33 34 35 36 37 38 39 40 41 42 43 44 45 46 47 48 49 50 51 52 53 54 55;F
0;Межрегиональные предметные олимпиады федерального государственного автономного образовательного учреждения высшего образования «Казанский (Приволжский) федеральный университет»;физика;P3;1 2 3 4 5 6 7 8 9 10 11 12 13 14 15 16 17 18 19 20 21 22 23 24 25 26 27 28 29 30 31 32 33 34 35 36 37 38 39 40 41 42 43 44 45 46 47 48 49 50 51 52 53 54 55;F
0;Многопредметная олимпиада «Юные таланты»;геология;P3;1 2 3 4 5 6 7 8 9 10 11 12 13 14 15 16 17 18 19 20 21 22 23 24 25 26 27 28 29 30 31 32 33 34 35 36 37 38 39 40 41 42 43 44 45 46 47 48 49 50 51 52 53 54 55;F
0;Многопрофильная инженерная олимпиада «Звезда»;естественные науки;P3;1 2 3 4 5 6 7 8 9 10 11 12 13 14 15 16 17 18 19 20 21 22 23 24 25 26 27 28 29 30 31 32 33 34 35 36 37 38 39 40 41 42 43 44 45 46 47 48 49 50 51 52 53 54 55;F
0;Многопрофильная инженерная олимпиада «Звезда»;техника и технологии ;P3;1 2 3 4 5 6 7 8 9 10 11 12 13 14 15 16 17 18 19 20 21 22 23 24 25 26 27 28 29 30 31 32 33 34 35 36 37 38 39 40 41 42 43 44 45 46 47 48 49 50 51 52 53 54 55;F
0;Многопрофильная олимпиада школьников Уральского федерального университета «Изумруд»;физика;P3;1 2 3 4 5 6 7 8 9 10 11 12 13 14 15 16 17 18 19 20 21 22 23 24 25 26 27 28 29 30 31 32 33 34 35 36 37 38 39 40 41 42 43 44 45 46 47 48 49 50 51 52 53 54 55;F
0;Московская олимпиада школьников;астрономия;P3;1 2 3 4 5 6 7 8 9 10 11 12 13 14 15 16 17 18 19 20 21 22 23 24 25 26 27 28 29 30 31 32 33 34 35 36 37 38 39 40 41 42 43 44 45 46 47 48 49 50 51 52 53 54 55;F
0;Московская олимпиада школьников;предпрофессиональная;P3;1 2 3 4 5 6 7 8 9 10 11 12 13 14 15 16 17 18 19 20 21 22 23 24 25 26 27 28 29 30 31 32 33 34 35 36 37 38 39 40 41 42 43 44 45 46 47 48 49 50 51 52 53 54 55;F
0;Московская олимпиада школьников;физика;P3;1 2 3 4 5 6 7 8 9 10 11 12 13 14 15 16 17 18 19 20 21 22 23 24 25 26 27 28 29 30 31 32 33 34 35 36 37 38 39 40 41 42 43 44 45 46 47 48 49 50 51 52 53 54 55;F
0;Московская олимпиада школьников;робототехника;P3;1 2 3 4 5 6 7 8 9 10 11 12 13 14 15 16 17 18 19 20 21 22 23 24 25 26 27 28 29 30 31 32 33 34 35 36 37 38 39 40 41 42 43 44 45 46 47 48 49 50 51 52 53 54 55;F
0;Московская олимпиада школьников;предпрофессиональная по научно-технологическому направлению;P3;1 2 3 4 5 6 7 8 9 10 11 12 13 14 15 16 17 18 19 20 21 22 23 24 25 26 27 28 29 30 31 32 33 34 35 36 37 38 39 40 41 42 43 44 45 46 47 48 49 50 51 52 53 54 55;F
0;Московская олимпиада школьников;предпрофессиональная по инженерно-конструкторскому направлению;P3;1 2 3 4 5 6 7 8 9 10 11 12 13 14 15 16 17 18 19 20 21 22 23 24 25 26 27 28 29 30 31 32 33 34 35 36 37 38 39 40 41 42 43 44 45 46 47 48 49 50 51 52 53 54 55;F
0;Наследники Левши;физика;P3;1 2 3 4 5 6 7 8 9 10 11 12 13 14 15 16 17 18 19 20 21 22 23 24 25 26 27 28 29 30 31 32 33 34 35 36 37 38 39 40 41 42 43 44 45 46 47 48 49 50 51 52 53 54 55;F
0;Объединённая международная математическая олимпиада «Формула Единства» / «Третье тысячелетие»;физика;P3;1 2 3 4 5 6 7 8 9 10 11 12 13 14 15 16 17 18 19 20 21 22 23 24 25 26 27 28 29 30 31 32 33 34 35 36 37 38 39 40 41 42 43 44 45 46 47 48 49 50 51 52 53 54 55;F
0;Олимпиада Кружкового движения Национальной технологической инициативы;автоматизация бизнес-процессов;P3;1 2 3 4 5 6 7 8 9 10 11 12 13 14 15 16 17 18 19 20 21 22 23 24 25 26 27 28 29 30 31 32 33 34 35 36 37 38 39 40 41 42 43 44 45 46 47 48 49 50 51 52 53 54 55;F
0;Олимпиада Кружкового движения Национальной технологической инициативы;автономные транспортные системы;P3;1 2 3 4 5 6 7 8 9 10 11 12 13 14 15 16 17 18 19 20 21 22 23 24 25 26 27 28 29 30 31 32 33 34 35 36 37 38 39 40 41 42 43 44 45 46 47 48 49 50 51 52 53 54 55;F
0;Олимпиада Кружкового движения Национальной технологической инициативы;анализ космических снимков и геопространственных данных;P3;1 2 3 4 5 6 7 8 9 10 11 12 13 14 15 16 17 18 19 20 21 22 23 24 25 26 27 28 29 30 31 32 33 34 35 36 37 38 39 40 41 42 43 44 45 46 47 48 49 50 51 52 53 54 55;F
0;Олимпиада Кружкового движения Национальной технологической инициативы;аэрокосмические системы;P3;1 2 3 4 5 6 7 8 9 10 11 12 13 14 15 16 17 18 19 20 21 22 23 24 25 26 27 28 29 30 31 32 33 34 35 36 37 38 39 40 41 42 43 44 45 46 47 48 49 50 51 52 53 54 55;F
0;Олимпиада Кружкового движения Национальной технологической инициативы;беспилотные авиационные системы;P3;1 2 3 4 5 6 7 8 9 10 11 12 13 14 15 16 17 18 19 20 21 22 23 24 25 26 27 28 29 30 31 32 33 34 35 36 37 38 39 40 41 42 43 44 45 46 47 48 49 50 51 52 53 54 55;F
0;Олимпиада Кружкового движения Национальной технологической инициативы;большие данные и машинное обучение;P3;1 2 3 4 5 6 7 8 9 10 11 12 13 14 15 16 17 18 19 20 21 22 23 24 25 26 27 28 29 30 31 32 33 34 35 36 37 38 39 40 41 42 43 44 45 46 47 48 49 50 51 52 53 54 55;F
0;Олимпиада Кружкового движения Национальной технологической инициативы;водные робототехнические системы;P3;1 2 3 4 5 6 7 8 9 10 11 12 13 14 15 16 17 18 19 20 21 22 23 24 25 26 27 28 29 30 31 32 33 34 35 36 37 38 39 40 41 42 43 44 45 46 47 48 49 50 51 52 53 54 55;F
0;Олимпиада Кружкового движения Национальной технологической инициативы;геномное редактирование;P3;1 2 3 4 5 6 7 8 9 10 11 12 13 14 15 16 17 18 19 20 21 22 23 24 25 26 27 28 29 30 31 32 33 34 35 36 37 38 39 40 41 42 43 44 45 46 47 48 49 50 51 52 53 54 55;F
0;Олимпиада Кружкового движения Национальной технологической инициативы;инженерные биологические системы: агробиотехнологии ;P3;1 2 3 4 5 6 7 8 9 10 11 12 13 14 15 16 17 18 19 20 21 22 23 24 25 26 27 28 29 30 31 32 33 34 35 36 37 38 39 40 41 42 43 44 45 46 47 48 49 50 51 52 53 54 55;F
0;Олимпиада Кружкового движения Национальной технологической инициативы;интеллектуальные робототехнические системы;P3;1 2 3 4 5 6 7 8 9 10 11 12 13 14 15 16 17 18 19 20 21 22 23 24 25 26 27 28 29 30 31 32 33 34 35 36 37 38 39 40 41 42 43 44 45 46 47 48 49 50 51 52 53 54 55;F
0;Олимпиада Кружкового движения Национальной технологической инициативы;интеллектуальные энергетические системы ;P3;1 2 3 4 5 6 7 8 9 10 11 12 13 14 15 16 17 18 19 20 21 22 23 24 25 26 27 28 29 30 31 32 33 34 35 36 37 38 39 40 41 42 43 44 45 46 47 48 49 50 51 52 53 54 55;F
0;Олимпиада Кружкового движения Национальной технологической инициативы;информационная безопасность;P3;1 2 3 4 5 6 7 8 9 10 11 12 13 14 15 16 17 18 19 20 21 22 23 24 25 26 27 28 29 30 31 32 33 34 35 36 37 38 39 40 41 42 43 44 45 46 47 48 49 50 51 52 53 54 55;F
0;Олимпиада Кружкового движения Национальной технологической инициативы;искусственный интеллект;P3;1 2 3 4 5 6 7 8 9 10 11 12 13 14 15 16 17 18 19 20 21 22 23 24 25 26 27 28 29 30 31 32 33 34 35 36 37 38 39 40 41 42 43 44 45 46 47 48 49 50 51 52 53 54 55;F
0;Олимпиада Кружкового движения Национальной технологической инициативы;композитные технологии;P3;1 2 3 4 5 6 7 8 9 10 11 12 13 14 15 16 17 18 19 20 21 22 23 24 25 26 27 28 29 30 31 32 33 34 35 36 37 38 39 40 41 42 43 44 45 46 47 48 49 50 51 52 53 54 55;F
0;Олимпиада Кружкового движения Национальной технологической инициативы;летающая робототехника;P3;1 2 3 4 5 6 7 8 9 10 11 12 13 14 15 16 17 18 19 20 21 22 23 24 25 26 27 28 29 30 31 32 33 34 35 36 37 38 39 40 41 42 43 44 45 46 47 48 49 50 51 52 53 54 55;F
0;Олимпиада Кружкового движения Национальной технологической инициативы;наносистемы и наноинженерия ;P3;1 2 3 4 5 6 7 8 9 10 11 12 13 14 15 16 17 18 19 20 21 22 23 24 25 26 27 28 29 30 31 32 33 34 35 36 37 38 39 40 41 42 43 44 45 46 47 48 49 50 51 52 53 54 55;F
0;Олимпиада Кружкового движения Национальной технологической инициативы;нейротехнологии и когнитивные науки;P3;1 2 3 4 5 6 7 8 9 10 11 12 13 14 15 16 17 18 19 20 21 22 23 24 25 26 27 28 29 30 31 32 33 34 35 36 37 38 39 40 41 42 43 44 45 46 47 48 49 50 51 52 53 54 55;F
0;Олимпиада Кружкового движения Национальной технологической инициативы;передовые производственные технологии ;P3;1 2 3 4 5 6 7 8 9 10 11 12 13 14 15 16 17 18 19 20 21 22 23 24 25 26 27 28 29 30 31 32 33 34 35 36 37 38 39 40 41 42 43 44 45 46 47 48 49 50 51 52 53 54 55;F
0;Олимпиада Кружкового движения Национальной технологической инициативы;программная инженерия финансовых технологий;P3;1 2 3 4 5 6 7 8 9 10 11 12 13 14 15 16 17 18 19 20 21 22 23 24 25 26 27 28 29 30 31 32 33 34 35 36 37 38 39 40 41 42 43 44 45 46 47 48 49 50 51 52 53 54 55;F
0;Олимпиада Кружкового движения Национальной технологической инициативы;спутниковые системы ;P3;1 2 3 4 5 6 7 8 9 10 11 12 13 14 15 16 17 18 19 20 21 22 23 24 25 26 27 28 29 30 31 32 33 34 35 36 37 38 39 40 41 42 43 44 45 46 47 48 49 50 51 52 53 54 55;F
0;Олимпиада Кружкового движения Национальной технологической инициативы;технологии беспроводной связи;P3;1 2 3 4 5 6 7 8 9 10 11 12 13 14 15 16 17 18 19 20 21 22 23 24 25 26 27 28 29 30 31 32 33 34 35 36 37 38 39 40 41 42 43 44 45 46 47 48 49 50 51 52 53 54 55;F
0;Олимпиада Кружкового движения Национальной технологической инициативы;умный город;P3;1 2 3 4 5 6 7 8 9 10 11 12 13 14 15 16 17 18 19 20 21 22 23 24 25 26 27 28 29 30 31 32 33 34 35 36 37 38 39 40 41 42 43 44 45 46 47 48 49 50 51 52 53 54 55;F
0;Олимпиада Кружкового движения Национальной технологической инициативы;новые материалы;P3;1 2 3 4 5 6 7 8 9 10 11 12 13 14 15 16 17 18 19 20 21 22 23 24 25 26 27 28 29 30 31 32 33 34 35 36 37 38 39 40 41 42 43 44 45 46 47 48 49 50 51 52 53 54 55;F
0;Олимпиада Кружкового движения Национальной технологической инициативы;технологии виртуальной и дополненной реальности;P3;1 2 3 4 5 6 7 8 9 10 11 12 13 14 15 16 17 18 19 20 21 22 23 24 25 26 27 28 29 30 31 32 33 34 35 36 37 38 39 40 41 42 43 44 45 46 47 48 49 50 51 52 53 54 55;F
0;Олимпиада Кружкового движения Национальной технологической инициативы;цифровые технологии в архитектуре;P3;1 2 3 4 5 6 7 8 9 10 11 12 13 14 15 16 17 18 19 20 21 22 23 24 25 26 27 28 29 30 31 32 33 34 35 36 37 38 39 40 41 42 43 44 45 46 47 48 49 50 51 52 53 54 55;F
0;Олимпиада Кружкового движения Национальной технологической инициативы;ядерные технологии ;P3;1 2 3 4 5 6 7 8 9 10 11 12 13 14 15 16 17 18 19 20 21 22 23 24 25 26 27 28 29 30 31 32 33 34 35 36 37 38 39 40 41 42 43 44 45 46 47 48 49 50 51 52 53 54 55;F
0;Олимпиада Курчатов;физика;P3;1 2 3 4 5 6 7 8 9 10 11 12 13 14 15 16 17 18 19 20 21 22 23 24 25 26 27 28 29 30 31 32 33 34 35 36 37 38 39 40 41 42 43 44 45 46 47 48 49 50 51 52 53 54 55;F
0;Олимпиада Национальной технологической инициативы;анализ космических снимков и геопространственных данных;P3;1 2 3 4 5 6 7 8 9 10 11 12 13 14 15 16 17 18 19 20 21 22 23 24 25 26 27 28 29 30 31 32 33 34 35 36 37 38 39 40 41 42 43 44 45 46 47 48 49 50 51 52 53 54 55;F
0;Олимпиада Национальной технологической инициативы;аэрокосмические системы;P3;1 2 3 4 5 6 7 8 9 10 11 12 13 14 15 16 17 18 19 20 21 22 23 24 25 26 27 28 29 30 31 32 33 34 35 36 37 38 39 40 41 42 43 44 45 46 47 48 49 50 51 52 53 54 55;F
0;Олимпиада Национальной технологической инициативы;беспилотные авиационные системы;P3;1 2 3 4 5 6 7 8 9 10 11 12 13 14 15 16 17 18 19 20 21 22 23 24 25 26 27 28 29 30 31 32 33 34 35 36 37 38 39 40 41 42 43 44 45 46 47 48 49 50 51 52 53 54 55;F
0;Олимпиада Национальной технологической инициативы;водные робототехнические системы;P3;1 2 3 4 5 6 7 8 9 10 11 12 13 14 15 16 17 18 19 20 21 22 23 24 25 26 27 28 29 30 31 32 33 34 35 36 37 38 39 40 41 42 43 44 45 46 47 48 49 50 51 52 53 54 55;F
0;Олимпиада Национальной технологической инициативы;инженерные биологические системы ;P3;1 2 3 4 5 6 7 8 9 10 11 12 13 14 15 16 17 18 19 20 21 22 23 24 25 26 27 28 29 30 31 32 33 34 35 36 37 38 39 40 41 42 43 44 45 46 47 48 49 50 51 52 53 54 55;F
0;Олимпиада Национальной технологической инициативы;интеллектуальные робототехнические системы;P3;1 2 3 4 5 6 7 8 9 10 11 12 13 14 15 16 17 18 19 20 21 22 23 24 25 26 27 28 29 30 31 32 33 34 35 36 37 38 39 40 41 42 43 44 45 46 47 48 49 50 51 52 53 54 55;F
0;Олимпиада Национальной технологической инициативы;интеллектуальные энергетические системы;P3;1 2 3 4 5 6 7 8 9 10 11 12 13 14 15 16 17 18 19 20 21 22 23 24 25 26 27 28 29 30 31 32 33 34 35 36 37 38 39 40 41 42 43 44 45 46 47 48 49 50 51 52 53 54 55;F
0;Олимпиада Национальной технологической инициативы;информационная безопасность;P3;1 2 3 4 5 6 7 8 9 10 11 12 13 14 15 16 17 18 19 20 21 22 23 24 25 26 27 28 29 30 31 32 33 34 35 36 37 38 39 40 41 42 43 44 45 46 47 48 49 50 51 52 53 54 55;F
0;Олимпиада Национальной технологической инициативы;наносистемы и наноинженерия;P3;1 2 3 4 5 6 7 8 9 10 11 12 13 14 15 16 17 18 19 20 21 22 23 24 25 26 27 28 29 30 31 32 33 34 35 36 37 38 39 40 41 42 43 44 45 46 47 48 49 50 51 52 53 54 55;F
0;Олимпиада Национальной технологической инициативы;нейротехнологии и когнитивные науки;P3;1 2 3 4 5 6 7 8 9 10 11 12 13 14 15 16 17 18 19 20 21 22 23 24 25 26 27 28 29 30 31 32 33 34 35 36 37 38 39 40 41 42 43 44 45 46 47 48 49 50 51 52 53 54 55;F
0;Олимпиада Национальной технологической инициативы;передовые производственные технологии;P3;1 2 3 4 5 6 7 8 9 10 11 12 13 14 15 16 17 18 19 20 21 22 23 24 25 26 27 28 29 30 31 32 33 34 35 36 37 38 39 40 41 42 43 44 45 46 47 48 49 50 51 52 53 54 55;F
0;Олимпиада Национальной технологической инициативы;программная инженерия финансовых технологий ;P3;1 2 3 4 5 6 7 8 9 10 11 12 13 14 15 16 17 18 19 20 21 22 23 24 25 26 27 28 29 30 31 32 33 34 35 36 37 38 39 40 41 42 43 44 45 46 47 48 49 50 51 52 53 54 55;F
0;Олимпиада Национальной технологической инициативы;разработка приложений виртуальной и дополненной реальности;P3;1 2 3 4 5 6 7 8 9 10 11 12 13 14 15 16 17 18 19 20 21 22 23 24 25 26 27 28 29 30 31 32 33 34 35 36 37 38 39 40 41 42 43 44 45 46 47 48 49 50 51 52 53 54 55;F
0;Олимпиада Национальной технологической инициативы;системы связи и дистанционного зондирования земли;P3;1 2 3 4 5 6 7 8 9 10 11 12 13 14 15 16 17 18 19 20 21 22 23 24 25 26 27 28 29 30 31 32 33 34 35 36 37 38 39 40 41 42 43 44 45 46 47 48 49 50 51 52 53 54 55;F
0;Олимпиада Национальной технологической инициативы;технологии беспроводной связи;P3;1 2 3 4 5 6 7 8 9 10 11 12 13 14 15 16 17 18 19 20 21 22 23 24 25 26 27 28 29 30 31 32 33 34 35 36 37 38 39 40 41 42 43 44 45 46 47 48 49 50 51 52 53 54 55;F
0;Олимпиада Национальной технологической инициативы;умный город;P3;1 2 3 4 5 6 7 8 9 10 11 12 13 14 15 16 17 18 19 20 21 22 23 24 25 26 27 28 29 30 31 32 33 34 35 36 37 38 39 40 41 42 43 44 45 46 47 48 49 50 51 52 53 54 55;F
0;Олимпиада школьников «Высокие технологии и материалы будущего»;нанотехнологии;P3;1 2 3 4 5 6 7 8 9 10 11 12 13 14 15 16 17 18 19 20 21 22 23 24 25 26 27 28 29 30 31 32 33 34 35 36 37 38 39 40 41 42 43 44 45 46 47 48 49 50 51 52 53 54 55;F
0;Олимпиада школьников «Гранит науки»;естественные науки ;P3;1 2 3 4 5 6 7 8 9 10 11 12 13 14 15 16 17 18 19 20 21 22 23 24 25 26 27 28 29 30 31 32 33 34 35 36 37 38 39 40 41 42 43 44 45 46 47 48 49 50 51 52 53 54 55;F
0;Олимпиада школьников «Гранит науки»;информатика;P3;1 2 3 4 5 6 7 8 9 10 11 12 13 14 15 16 17 18 19 20 21 22 23 24 25 26 27 28 29 30 31 32 33 34 35 36 37 38 39 40 41 42 43 44 45 46 47 48 49 50 51 52 53 54 55;F
0;Олимпиада школьников «Гранит науки»;химия;P3;1 2 3 4 5 6 7 8 9 10 11 12 13 14 15 16 17 18 19 20 21 22 23 24 25 26 27 28 29 30 31 32 33 34 35 36 37 38 39 40 41 42 43 44 45 46 47 48 49 50 51 52 53 54 55;F
0;Олимпиада школьников «Ломоносов»;инженерные науки;P3;1 2 3 4 5 6 7 8 9 10 11 12 13 14 15 16 17 18 19 20 21 22 23 24 25 26 27 28 29 30 31 32 33 34 35 36 37 38 39 40 41 42 43 44 45 46 47 48 49 50 51 52 53 54 55;F
0;Олимпиада школьников «Ломоносов»;космонавтика;P3;1 2 3 4 5 6 7 8 9 10 11 12 13 14 15 16 17 18 19 20 21 22 23 24 25 26 27 28 29 30 31 32 33 34 35 36 37 38 39 40 41 42 43 44 45 46 47 48 49 50 51 52 53 54 55;F
0;Олимпиада школьников «Ломоносов»;механика и математическое моделирование;P3;1 2 3 4 5 6 7 8 9 10 11 12 13 14 15 16 17 18 19 20 21 22 23 24 25 26 27 28 29 30 31 32 33 34 35 36 37 38 39 40 41 42 43 44 45 46 47 48 49 50 51 52 53 54 55;F
0;Олимпиада школьников «Ломоносов»;робототехника;P3;1 2 3 4 5 6 7 8 9 10 11 12 13 14 15 16 17 18 19 20 21 22 23 24 25 26 27 28 29 30 31 32 33 34 35 36 37 38 39 40 41 42 43 44 45 46 47 48 49 50 51 52 53 54 55;F
0;Олимпиада школьников «Ломоносов»;физика;P3;1 2 3 4 5 6 7 8 9 10 11 12 13 14 15 16 17 18 19 20 21 22 23 24 25 26 27 28 29 30 31 32 33 34 35 36 37 38 39 40 41 42 43 44 45 46 47 48 49 50 51 52 53 54 55;F
0;Олимпиада школьников «Ломоносов»;геология;P3;1 2 3 4 5 6 7 8 9 10 11 12 13 14 15 16 17 18 19 20 21 22 23 24 25 26 27 28 29 30 31 32 33 34 35 36 37 38 39 40 41 42 43 44 45 46 47 48 49 50 51 52 53 54 55;F
0;Олимпиада школьников «Ломоносов»;экология;P3;1 2 3 4 5 6 7 8 9 10 11 12 13 14 15 16 17 18 19 20 21 22 23 24 25 26 27 28 29 30 31 32 33 34 35 36 37 38 39 40 41 42 43 44 45 46 47 48 49 50 51 52 53 54 55;F
0;Олимпиада школьников «Надежда энергетики»;комплекс предметов (физика, информатика, математика);P3;1 2 3 4 5 6 7 8 9 10 11 12 13 14 15 16 17 18 19 20 21 22 23 24 25 26 27 28 29 30 31 32 33 34 35 36 37 38 39 40 41 42 43 44 45 46 47 48 49 50 51 52 53 54 55;F
0;Олимпиада школьников «Надежда энергетики»;физика;P3;1 2 3 4 5 6 7 8 9 10 11 12 13 14 15 16 17 18 19 20 21 22 23 24 25 26 27 28 29 30 31 32 33 34 35 36 37 38 39 40 41 42 43 44 45 46 47 48 49 50 51 52 53 54 55;F
0;Олимпиада школьников «Покори Воробьевы горы!»;физика;P3;1 2 3 4 5 6 7 8 9 10 11 12 13 14 15 16 17 18 19 20 21 22 23 24 25 26 27 28 29 30 31 32 33 34 35 36 37 38 39 40 41 42 43 44 45 46 47 48 49 50 51 52 53 54 55;F
0;Олимпиада школьников «Робофест»;физика;P3;1 2 3 4 5 6 7 8 9 10 11 12 13 14 15 16 17 18 19 20 21 22 23 24 25 26 27 28 29 30 31 32 33 34 35 36 37 38 39 40 41 42 43 44 45 46 47 48 49 50 51 52 53 54 55;F
0;Олимпиада школьников «Физтех»;инженерное дело;P3;1 2 3 4 5 6 7 8 9 10 11 12 13 14 15 16 17 18 19 20 21 22 23 24 25 26 27 28 29 30 31 32 33 34 35 36 37 38 39 40 41 42 43 44 45 46 47 48 49 50 51 52 53 54 55;F
0;Олимпиада школьников «Физтех»;научно-техническая;P3;1 2 3 4 5 6 7 8 9 10 11 12 13 14 15 16 17 18 19 20 21 22 23 24 25 26 27 28 29 30 31 32 33 34 35 36 37 38 39 40 41 42 43 44 45 46 47 48 49 50 51 52 53 54 55;F
0;Олимпиада школьников «Физтех»;физика;P3;1 2 3 4 5 6 7 8 9 10 11 12 13 14 15 16 17 18 19 20 21 22 23 24 25 26 27 28 29 30 31 32 33 34 35 36 37 38 39 40 41 42 43 44 45 46 47 48 49 50 51 52 53 54 55;F
0;Олимпиада школьников «Шаг в будущее»;инженерное дело;P3;1 2 3 4 5 6 7 8 9 10 11 12 13 14 15 16 17 18 19 20 21 22 23 24 25 26 27 28 29 30 31 32 33 34 35 36 37 38 39 40 41 42 43 44 45 46 47 48 49 50 51 52 53 54 55;F
0;Олимпиада школьников «Шаг в будущее»;компьютерное моделирование и графика;P3;1 2 3 4 5 6 7 8 9 10 11 12 13 14 15 16 17 18 19 20 21 22 23 24 25 26 27 28 29 30 31 32 33 34 35 36 37 38 39 40 41 42 43 44 45 46 47 48 49 50 51 52 53 54 55;F
0;Олимпиада школьников «Шаг в будущее»;физика;P3;1 2 3 4 5 6 7 8 9 10 11 12 13 14 15 16 17 18 19 20 21 22 23 24 25 26 27 28 29 30 31 32 33 34 35 36 37 38 39 40 41 42 43 44 45 46 47 48 49 50 51 52 53 54 55;F
0;Олимпиада школьников «Шаг в будущее»;информатика;P3;1 2 3 4 5 6 7 8 9 10 11 12 13 14 15 16 17 18 19 20 21 22 23 24 25 26 27 28 29 30 31 32 33 34 35 36 37 38 39 40 41 42 43 44 45 46 47 48 49 50 51 52 53 54 55;F
0;Олимпиада школьников Санкт-Петербургского государственного университета;математическое моделирование и искусственный интеллект;P3;1 2 3 4 5 6 7 8 9 10 11 12 13 14 15 16 17 18 19 20 21 22 23 24 25 26 27 28 29 30 31 32 33 34 35 36 37 38 39 40 41 42 43 44 45 46 47 48 49 50 51 52 53 54 55;F
0;Олимпиада школьников Санкт-Петербургского государственного университета;инженерные системы;P3;1 2 3 4 5 6 7 8 9 10 11 12 13 14 15 16 17 18 19 20 21 22 23 24 25 26 27 28 29 30 31 32 33 34 35 36 37 38 39 40 41 42 43 44 45 46 47 48 49 50 51 52 53 54 55;F
0;Олимпиада школьников Санкт-Петербургского государственного университета;физика;P3;1 2 3 4 5 6 7 8 9 10 11 12 13 14 15 16 17 18 19 20 21 22 23 24 25 26 27 28 29 30 31 32 33 34 35 36 37 38 39 40 41 42 43 44 45 46 47 48 49 50 51 52 53 54 55;F
0;Открытая межвузовская олимпиада школьников Сибирского Федерального округа «Будущее Сибири»;физика;P3;1 2 3 4 5 6 7 8 9 10 11 12 13 14 15 16 17 18 19 20 21 22 23 24 25 26 27 28 29 30 31 32 33 34 35 36 37 38 39 40 41 42 43 44 45 46 47 48 49 50 51 52 53 54 55;F
0;Открытая олимпиада школьников;физика;P3;1 2 3 4 5 6 7 8 9 10 11 12 13 14 15 16 17 18 19 20 21 22 23 24 25 26 27 28 29 30 31 32 33 34 35 36 37 38 39 40 41 42 43 44 45 46 47 48 49 50 51 52 53 54 55;F
0;Открытая региональная межвузовская олимпиада вузов Томской области (ОРМО);физика;P3;1 2 3 4 5 6 7 8 9 10 11 12 13 14 15 16 17 18 19 20 21 22 23 24 25 26 27 28 29 30 31 32 33 34 35 36 37 38 39 40 41 42 43 44 45 46 47 48 49 50 51 52 53 54 55;F
0;Отраслевая олимпиада школьников «Газпром»;физика;P3;1 2 3 4 5 6 7 8 9 10 11 12 13 14 15 16 17 18 19 20 21 22 23 24 25 26 27 28 29 30 31 32 33 34 35 36 37 38 39 40 41 42 43 44 45 46 47 48 49 50 51 52 53 54 55;F
0;Отраслевая физико-математическая олимпиада школьников «Росатом»;физика;P3;1 2 3 4 5 6 7 8 9 10 11 12 13 14 15 16 17 18 19 20 21 22 23 24 25 26 27 28 29 30 31 32 33 34 35 36 37 38 39 40 41 42 43 44 45 46 47 48 49 50 51 52 53 54 55;F
0;Санкт-Петербургская астрономическая олимпиада;физика;P3;1 2 3 4 5 6 7 8 9 10 11 12 13 14 15 16 17 18 19 20 21 22 23 24 25 26 27 28 29 30 31 32 33 34 35 36 37 38 39 40 41 42 43 44 45 46 47 48 49 50 51 52 53 54 55;F
0;Санкт-Петербургская олимпиада школьников;астрономия;P3;1 2 3 4 5 6 7 8 9 10 11 12 13 14 15 16 17 18 19 20 21 22 23 24 25 26 27 28 29 30 31 32 33 34 35 36 37 38 39 40 41 42 43 44 45 46 47 48 49 50 51 52 53 54 55;F
0;Турнир имени М.В. Ломоносова;физика;P3;1 2 3 4 5 6 7 8 9 10 11 12 13 14 15 16 17 18 19 20 21 22 23 24 25 26 27 28 29 30 31 32 33 34 35 36 37 38 39 40 41 42 43 44 45 46 47 48 49 50 51 52 53 54 55;F
0;Турнир имени М.В. Ломоносова;астрономия и науки о земле;P3;1 2 3 4 5 6 7 8 9 10 11 12 13 14 15 16 17 18 19 20 21 22 23 24 25 26 27 28 29 30 31 32 33 34 35 36 37 38 39 40 41 42 43 44 45 46 47 48 49 50 51 52 53 54 55;F
0;Университетская олимпиада школьников «Бельчонок»;физика;P3;1 2 3 4 5 6 7 8 9 10 11 12 13 14 15 16 17 18 19 20 21 22 23 24 25 26 27 28 29 30 31 32 33 34 35 36 37 38 39 40 41 42 43 44 45 46 47 48 49 50 51 52 53 54 55;F
-1;Всероссийская олимпиада школьников «Высшая проба»;русский язык;P3;1 2 3 4 5 6 7 8 9 10 11 12 13 14 15 16 17 18 19 20 21 22 23 24 25 26 27 28 29 30 31 32 33 34 35 36 37 38 39 40 41 42 43 44 45 46 47 48 49 50 51 52 53 54 55 56 57 58 59 60 61 62 63 64 65 66 67 68 69 70;R
-1;Всероссийская олимпиада школьников «Высшая проба»;филология;P3;1 2 3 4 5 6 7 8 9 10 11 12 13 14 15 16 17 18 19 20 21 22 23 24 25 26 27 28 29 30 31 32 33 34 35 36 37 38 39 40 41 42 43 44 45 46 47 48 49 50 51 52 53 54 55 56 57 58 59 60 61 62 63 64 65 66 67 68 69 70;R
-1;Всероссийская Толстовская олимпиада;литература;P3;1 2 3 4 5 6 7 8 9 10 11 12 13 14 15 16 17 18 19 20 21 22 23 24 25 26 27 28 29 30 31 32 33 34 35 36 37 38 39 40 41 42 43 44 45 46 47 48 49 50 51 52 53 54 55 56 57 58 59 60 61 62 63 64 65 66 67 68 69 70;R
-1;Всероссийская Толстовская олимпиада школьников;литература;P3;1 2 3 4 5 6 7 8 9 10 11 12 13 14 15 16 17 18 19 20 21 22 23 24 25 26 27 28 29 30 31 32 33 34 35 36 37 38 39 40 41 42 43 44 45 46 47 48 49 50 51 52 53 54 55 56 57 58 59 60 61 62 63 64 65 66 67 68 69 70;R
-1;Международная олимпиада школьников Уральского федерального университета «Изумруд»;русский язык;P3;1 2 3 4 5 6 7 8 9 10 11 12 13 14 15 16 17 18 19 20 21 22 23 24 25 26 27 28 29 30 31 32 33 34 35 36 37 38 39 40 41 42 43 44 45 46 47 48 49 50 51 52 53 54 55 56 57 58 59 60 61 62 63 64 65 66 67 68 69 70;R
-1;Международная олимпиада школьников Уральского федерального университета «Изумруд»;филология;P3;1 2 3 4 5 6 7 8 9 10 11 12 13 14 15 16 17 18 19 20 21 22 23 24 25 26 27 28 29 30 31 32 33 34 35 36 37 38 39 40 41 42 43 44 45 46 47 48 49 50 51 52 53 54 55 56 57 58 59 60 61 62 63 64 65 66 67 68 69 70;R
-1;Межрегиональная олимпиада школьников «Будущие исследователи - будущее науки»;русский язык;P3;1 2 3 4 5 6 7 8 9 10 11 12 13 14 15 16 17 18 19 20 21 22 23 24 25 26 27 28 29 30 31 32 33 34 35 36 37 38 39 40 41 42 43 44 45 46 47 48 49 50 51 52 53 54 55 56 57 58 59 60 61 62 63 64 65 66 67 68 69 70;R
-1;Межрегиональные предметные олимпиады федерального государственного автономного образовательного учреждения высшего образования «Казанский (Приволжский) федеральный университет»;русский язык;P3;1 2 3 4 5 6 7 8 9 10 11 12 13 14 15 16 17 18 19 20 21 22 23 24 25 26 27 28 29 30 31 32 33 34 35 36 37 38 39 40 41 42 43 44 45 46 47 48 49 50 51 52 53 54 55 56 57 58 59 60 61 62 63 64 65 66 67 68 69 70;R
-1;Московская олимпиада школьников;русский язык;P3;1 2 3 4 5 6 7 8 9 10 11 12 13 14 15 16 17 18 19 20 21 22 23 24 25 26 27 28 29 30 31 32 33 34 35 36 37 38 39 40 41 42 43 44 45 46 47 48 49 50 51 52 53 54 55 56 57 58 59 60 61 62 63 64 65 66 67 68 69 70;R
-1;Московская олимпиада школьников;лингвистика;P3;1 2 3 4 5 6 7 8 9 10 11 12 13 14 15 16 17 18 19 20 21 22 23 24 25 26 27 28 29 30 31 32 33 34 35 36 37 38 39 40 41 42 43 44 45 46 47 48 49 50 51 52 53 54 55 56 57 58 59 60 61 62 63 64 65 66 67 68 69 70;R
-1;Океан знаний;русский язык;P3;1 2 3 4 5 6 7 8 9 10 11 12 13 14 15 16 17 18 19 20 21 22 23 24 25 26 27 28 29 30 31 32 33 34 35 36 37 38 39 40 41 42 43 44 45 46 47 48 49 50 51 52 53 54 55 56 57 58 59 60 61 62 63 64 65 66 67 68 69 70;R
-1;Олимпиада РГГУ для школьников;русский язык;P3;1 2 3 4 5 6 7 8 9 10 11 12 13 14 15 16 17 18 19 20 21 22 23 24 25 26 27 28 29 30 31 32 33 34 35 36 37 38 39 40 41 42 43 44 45 46 47 48 49 50 51 52 53 54 55 56 57 58 59 60 61 62 63 64 65 66 67 68 69 70;R
-1;Олимпиада школьников «Ломоносов»;русский язык;P3;1 2 3 4 5 6 7 8 9 10 11 12 13 14 15 16 17 18 19 20 21 22 23 24 25 26 27 28 29 30 31 32 33 34 35 36 37 38 39 40 41 42 43 44 45 46 47 48 49 50 51 52 53 54 55 56 57 58 59 60 61 62 63 64 65 66 67 68 69 70;R
-1;Олимпиада школьников «Ломоносов»;журналистика;P3;1 2 3 4 5 6 7 8 9 10 11 12 13 14 15 16 17 18 19 20 21 22 23 24 25 26 27 28 29 30 31 32 33 34 35 36 37 38 39 40 41 42 43 44 45 46 47 48 49 50 51 52 53 54 55 56 57 58 59 60 61 62 63 64 65 66 67 68 69 70;R
-1;Олимпиада школьников «Покори Воробьевы горы!»;журналистика;P3;1 2 3 4 5 6 7 8 9 10 11 12 13 14 15 16 17 18 19 20 21 22 23 24 25 26 27 28 29 30 31 32 33 34 35 36 37 38 39 40 41 42 43 44 45 46 47 48 49 50 51 52 53 54 55 56 57 58 59 60 61 62 63 64 65 66 67 68 69 70;R
-1;Олимпиада школьников Российской академии народного хозяйства и государственной службы при Президенте Российской Федерации;журналистика;P3;1 2 3 4 5 6 7 8 9 10 11 12 13 14 15 16 17 18 19 20 21 22 23 24 25 26 27 28 29 30 31 32 33 34 35 36 37 38 39 40 41 42 43 44 45 46 47 48 49 50 51 52 53 54 55 56 57 58 59 60 61 62 63 64 65 66 67 68 69 70;R
-1;Олимпиада школьников Санкт-Петербургского государственного университета;филология;P3;1 2 3 4 5 6 7 8 9 10 11 12 13 14 15 16 17 18 19 20 21 22 23 24 25 26 27 28 29 30 31 32 33 34 35 36 37 38 39 40 41 42 43 44 45 46 47 48 49 50 51 52 53 54 55 56 57 58 59 60 61 62 63 64 65 66 67 68 69 70;R
-1;Олимпиада школьников Санкт-Петербургского государственного университета;журналистика;P3;1 2 3 4 5 6 7 8 9 10 11 12 13 14 15 16 17 18 19 20 21 22 23 24 25 26 27 28 29 30 31 32 33 34 35 36 37 38 39 40 41 42 43 44 45 46 47 48 49 50 51 52 53 54 55 56 57 58 59 60 61 62 63 64 65 66 67 68 69 70;R
-1;Открытая региональная межвузовская олимпиада вузов Томской области (ОРМО);русский язык;P3;1 2 3 4 5 6 7 8 9 10 11 12 13 14 15 16 17 18 19 20 21 22 23 24 25 26 27 28 29 30 31 32 33 34 35 36 37 38 39 40 41 42 43 44 45 46 47 48 49 50 51 52 53 54 55 56 57 58 59 60 61 62 63 64 65 66 67 68 69 70;R
-1;Плехановская олимпиада школьников;русский язык;P3;1 2 3 4 5 6 7 8 9 10 11 12 13 14 15 16 17 18 19 20 21 22 23 24 25 26 27 28 29 30 31 32 33 34 35 36 37 38 39 40 41 42 43 44 45 46 47 48 49 50 51 52 53 54 55 56 57 58 59 60 61 62 63 64 65 66 67 68 69 70;R
-1;Северо-Восточная олимпиада школьников;филология;P3;1 2 3 4 5 6 7 8 9 10 11 12 13 14 15 16 17 18 19 20 21 22 23 24 25 26 27 28 29 30 31 32 33 34 35 36 37 38 39 40 41 42 43 44 45 46 47 48 49 50 51 52 53 54 55 56 57 58 59 60 61 62 63 64 65 66 67 68 69 70;R
-1;Телевизионная гуманитарная олимпиада школьников «Умницы и умники»;гуманитарные и социальные науки;P3;1 2 3 4 5 6 7 8 9 10 11 12 13 14 15 16 17 18 19 20 21 22 23 24 25 26 27 28 29 30 31 32 33 34 35 36 37 38 39 40 41 42 43 44 45 46 47 48 49 50 51 52 53 54 55 56 57 58 59 60 61 62 63 64 65 66 67 68 69 70;R
-1;Турнир имени М.В. Ломоносова;лингвистика;P3;1 2 3 4 5 6 7 8 9 10 11 12 13 14 15 16 17 18 19 20 21 22 23 24 25 26 27 28 29 30 31 32 33 34 35 36 37 38 39 40 41 42 43 44 45 46 47 48 49 50 51 52 53 54 55 56 57 58 59 60 61 62 63 64 65 66 67 68 69 70;R
-1;Учитель школы будущего;иностранный язык;P3;1 2 3 4 5 6 7 8 9 10 11 12 13 14 15 16 17 18 19 20 21 22 23 24 25 26 27 28 29 30 31 32 33 34 35 36 37 38 39 40 41 42 43 44 45 46 47 48 49 50 51 52 53 54 55 56 57 58 59 60 61 62 63 64 65 66 67 68 69 70;R
-1;Филологическая олимпиада для школьников 5-11 классов «Юный словесник»;филология;P3;1 2 3 4 5 6 7 8 9 10 11 12 13 14 15 16 17 18 19 20 21 22 23 24 25 26 27 28 29 30 31 32 33 34 35 36 37 38 39 40 41 42 43 44 45 46 47 48 49 50 51 52 53 54 55 56 57 58 59 60 61 62 63 64 65 66 67 68 69 70;R
