#name;СПбГУТ;Федеральное государственное бюджетное образовательное учреждение высшего образования «?Санкт-Петербургский государственный университет телекоммуникаций им. проф. М.А. Бонч-Бруевича»?;;;
1;09.03.2001;Распределенные системы управления в сетях связи пятого и последующих поколений;MRI;;
2;09.03.2002;Интеллектуальные информационные системы и технологии;MRI;;
3;09.03.2002;Технологии проектирования систем обработки данных.;MRI;;
4;09.03.2002;Дизайн графических и пользовательских интерфейсов информационных систем;MRI;;
5;09.03.2002;Системное и прикладное программирование информационных систем;MRI;;
6;09.03.2004;Разработка программного обеспечения и приложений искусственного интеллекта в киберфизических системах;MRI;;
7;10.03.2001;Безопасность компьютерных систем;MRI;;
8;11.03.2001;Радиотехника;MRFI;;
9;11.03.2002;Инфокоммуникационные технологии и системы связи;MRFI;;
10;11.03.2003;Информационные технологии проектирования радиоэлектронных средств;MRFI;;
11;11.03.2004;Промышленная электроника;MRFI;;
12;12.03.2003;Оптические и квантовые технологии в инфокоммуникациях;MRFI;;
13;12.03.2004;Биотехнические и медицинские аппараты и системы;MRFIB;;
14;15.03.2004;Программно-алгоритмическое обеспечение автоматизированных систем;MRFI;;
15;15.03.2006;Мехатроника и робототехника;MRFI;;
16;38.03.02;Менеджмент;MROI;;
17;38.03.05;Управление бизнес-процессами предприятия в цифровой экономике;MROI;;
18;41.03.01;Зарубежное регионоведение;HRLGO;;
19;42.03.01;Реклама и связи с общественностью;ORHIL;;
20;10.05.2002;Информационная безопасность телекоммуникационных систем;MRI;;
21;10.05.2007;Противодействие техническим разведкам;MRI;;
22;11.05.2004;Инфокоммуникационные технологии и системы специальной связи;MRFI;;
#lgots;9;;;;
-1;«Финатлон для старшеклассников» - Всероссийская олимпиада по финансовой грамотности, устойчивому развитию и защите прав потребителей финансовых услуг;финансовая грамотность;P3;+38.03.02 +38.03.05;
-1;«Формула Единства»/«Третье тысячелетие»;математика;P2;+05.03.06 +09.03.01 +09.03.02 +09.03.04 +11.03.01 +11.03.02 +11.03.03 +11.03.04 +15.03.04 +12.03.04 +10.03.01 +12.03.03 +27.03.04 +38.03.02 +38.03.05 +10.05.02 +10.05.07 +11.05.04;
-1;«Формула Единства»/«Третье тысячелетие»;физика;P2;+11.03.01 +11.03.02 +11.03.03 +11.03.04 +12.03.03 +12.03.04 +15.03.04 +27.03.04 +11.05.04;
-1;«Формула Единства»/«Третье тысячелетие»;иностранный язык;P3;+42.03.01 +41.03.01;
-1;Всероссийская междисциплинарная олимпиада школьников 8-11 класса «Национальная технологическая олимпиада»;автоматизация бизнес-процессов;P2;+09.03.01 +09.03.02 +09.03.04 +11.03.01 +11.03.02 +11.03.03 +11.03.04 +27.03.04 +11.05.04 +10.05.02 +10.03.01 +10.05.07;
-1;Всероссийская междисциплинарная олимпиада школьников 8-11 класса «Национальная технологическая олимпиада»;автономные транспортные системы;P3;+09.03.01 +09.03.02 +09.03.04 +11.03.01 +11.03.02 +11.03.03 +11.03.04 +27.03.04 +11.05.04;
-1;Всероссийская междисциплинарная олимпиада школьников 8-11 класса «Национальная технологическая олимпиада»;анализ космических снимков и геопространственных данных;P3;+05.03.06 +09.03.01;
-1;Всероссийская междисциплинарная олимпиада школьников 8-11 класса «Национальная технологическая олимпиада»;аэрокосмические системы;P3;+09.03.01 +11.03.03 +11.03.04 +12.03.03 +12.03.04 +27.03.04;
-1;Всероссийская междисциплинарная олимпиада школьников 8-11 класса «Национальная технологическая олимпиада»;беспилотные авиационные системы;P2;+09.03.01 +11.03.02 +11.03.03 +11.03.04 +12.03.03 +12.03.04 +27.03.04 +11.05.04;
-1;Всероссийская междисциплинарная олимпиада школьников 8-11 класса «Национальная технологическая олимпиада»;большие данные и машинное обучение;P3;+09.03.01 +09.03.02 +09.03.04;
-1;Всероссийская междисциплинарная олимпиада школьников 8-11 класса «Национальная технологическая олимпиада»;водные робототехнические системы;P2;+09.03.01 +09.03.02 +09.03.04 +11.03.01 +11.03.02 +11.03.03 +11.03.04 +27.03.04 +11.05.04;
-1;Всероссийская междисциплинарная олимпиада школьников 8-11 класса «Национальная технологическая олимпиада»;геномное редактирование;P3;+05.03.06 +12.03.04;
-1;Всероссийская междисциплинарная олимпиада школьников 8-11 класса «Национальная технологическая олимпиада»;инженерные биологические системы;P2;+05.03.06 +12.03.04;
-1;Всероссийская междисциплинарная олимпиада школьников 8-11 класса «Национальная технологическая олимпиада»;интеллектуальные робототехнические системы;P2;+09.03.01 +09.03.02 +09.03.04 +27.03.04;
-1;Всероссийская междисциплинарная олимпиада школьников 8-11 класса «Национальная технологическая олимпиада»;интеллектуальные энергетические системы;P3;+09.03.01 +09.03.02 +09.03.04 +11.03.01 +11.03.02 +11.03.03 +11.03.04 +10.03.01 +27.03.04 +10.05.02 +10.05.07 +11.05.04;
-1;Всероссийская междисциплинарная олимпиада школьников 8-11 класса «Национальная технологическая олимпиада»;информационная безопасность;P3;+09.03.01 +09.03.02 +09.03.04 +10.03.01 +10.05.02 +10.05.07;
-1;Всероссийская междисциплинарная олимпиада школьников 8-11 класса «Национальная технологическая олимпиада»;искусственный интеллект;P2;+09.03.01 +09.03.02 +09.03.04 +10.03.01 +10.05.02 +10.05.07;
-1;Всероссийская междисциплинарная олимпиада школьников 8-11 класса «Национальная технологическая олимпиада»;летающая робототехника;P3;+09.03.01 +11.03.01 +11.03.02 +11.03.03 +11.03.04 +12.03.03 +27.03.04 +11.05.04;
-1;Всероссийская междисциплинарная олимпиада школьников 8-11 класса «Национальная технологическая олимпиада»;наносистемы и наноинженерия;P3;+11.03.01 +11.03.02 +11.03.03 +11.03.04 +12.03.03 +12.03.04 +11.05.04;
-1;Всероссийская междисциплинарная олимпиада школьников 8-11 класса «Национальная технологическая олимпиада»;нейротехнологии и когнитивные науки;P2;+09.03.01 +09.03.02 +09.03.04 +12.03.03 +12.03.04 +27.03.04;
-1;Всероссийская междисциплинарная олимпиада школьников 8-11 класса «Национальная технологическая олимпиада»;новые материалы;P3;+09.03.01;
-1;Всероссийская междисциплинарная олимпиада школьников 8-11 класса «Национальная технологическая олимпиада»;передовые производственные технологии;P3;+09.03.01 +09.03.02 +09.03.04 +27.03.04;
-1;Всероссийская междисциплинарная олимпиада школьников 8-11 класса «Национальная технологическая олимпиада»;разработка компьютерных игр;P3;+09.03.01 +09.03.02 +09.03.04 +10.03.01 +10.05.02 +10.05.07;
-1;Всероссийская междисциплинарная олимпиада школьников 8-11 класса «Национальная технологическая олимпиада»;спутниковые системы;P3;+09.03.01 +11.03.01 +11.03.02 +11.03.03 +11.03.04 +27.03.04 +11.05.04;
-1;Всероссийская междисциплинарная олимпиада школьников 8-11 класса «Национальная технологическая олимпиада»;технологии беспроводной связи;P2;+09.03.01 +09.03.02 +09.03.04 +11.03.01 +11.03.02 +11.03.03 +11.03.04 +10.03.01 +10.05.02 +10.05.07 +11.05.04 +27.03.04;
-1;Всероссийская междисциплинарная олимпиада школьников 8-11 класса «Национальная технологическая олимпиада»;технологии виртуальной реальности;P3;+09.03.01 +09.03.02 +09.03.04 +10.03.01 +10.05.02 +10.05.07;
-1;Всероссийская междисциплинарная олимпиада школьников 8-11 класса «Национальная технологическая олимпиада»;технологии дополненной реальности;P3;+09.03.01 +09.03.02 +09.03.04;
-1;Всероссийская междисциплинарная олимпиада школьников 8-11 класса «Национальная технологическая олимпиада»;умный город;P3;+09.03.01 +09.03.02 +09.03.04 +10.03.01 +10.05.02 +10.05.07 +27.03.04;
-1;Всероссийская междисциплинарная олимпиада школьников 8-11 класса «Национальная технологическая олимпиада»;финансовый инжиниринг;P3;+09.03.01 +09.03.02 +09.03.04 +10.03.01 +10.05.02 +10.05.07;
-1;Всероссийская междисциплинарная олимпиада школьников 8-11 класса «Национальная технологическая олимпиада»;фотоника;P3;+12.03.04 +12.03.03;
-1;Всероссийская междисциплинарная олимпиада школьников 8-11 класса «Национальная технологическая олимпиада»;ядерные технологии;P3;+12.03.03 +12.03.04 +27.03.04;
-1;Всероссийская олимпиада по искусственному интеллекту;искусственный интеллект;P2;+05.03.06 +09.03.01 +09.03.02 +09.03.04 +10.03.01 +10.05.02 +10.05.07 +15.03.04 +27.03.04 +11.03.01 +11.03.02 +11.03.03 +11.03.04 +11.05.04,12.03.04 +38.03.02 +38.03.05 +42.03.01;
-1;Всероссийская олимпиада школьников «Высшая проба»;анализ данных;P3;+05.03.06 +09.03.01 +09.03.02 +09.03.04 +10.03.01 +10.05.02 +10.05.07 +15.03.04 +27.03.04 +11.03.01 +11.03.02 +11.03.03 +11.03.04 +11.05.04 +12.03.04 +38.03.02 +38.03.05 +42.03.01;
-1;Всероссийская олимпиада школьников «Высшая проба»;биология;P2;+05.03.06 +12.03.04;
-1;Всероссийская олимпиада школьников «Высшая проба»;география;P2;+05.03.06 +41.03.01;
-1;Всероссийская олимпиада школьников «Высшая проба»;история мировых цивилизаций;P2;+41.03.01 +42.03.01;
0;Всероссийская олимпиада школьников «Высшая проба»;история;P1;+41.03.01 +42.03.01;
0;Всероссийская олимпиада школьников «Высшая проба»;информатика;P1;+05.03.06 +09.03.01 +09.03.02 +09.03.04 +10.03.01 +10.05.02 +10.05.07 +15.03.04 +27.03.04 +11.03.01 +11.03.02 +11.03.03 +11.03.04 +11.05.04 +12.03.04 +38.03.02 +38.03.05 +42.03.01;
0;Всероссийская олимпиада школьников «Высшая проба»;математика;P1;+05.03.06 +09.03.01 +09.03.02 +09.03.04 +11.03.01 +11.03.02 +11.03.03 +11.03.04 +15.03.04 +12.03.04 +10.03.01 +12.03.03 +27.03.04 +38.03.02 +38.03.05 +10.05.02 +11.05.04;
0;Всероссийская олимпиада школьников «Высшая проба»;обществознание;P1;+38.03.02 +38.03.05 +41.03.01 +42.03.01;
-1;Всероссийская олимпиада школьников «Высшая проба»;основы бизнеса;P2;+38.03.02;
-1;Всероссийская олимпиада школьников «Высшая проба»;философия;P1;+38.03.02 +38.03.05 +41.03.01 +42.03.01;
0;Всероссийская олимпиада школьников «Высшая проба»;русский язык;P1;+09.03.01 +09.03.02 +09.03.04 +11.03.01 +11.03.02 +11.03.03 +11.03.04 +15.03.04 +12.03.04 +05.03.06 +10.03.01 +12.03.03 +27.03.04 +38.03.02 +38.03.05 +41.03.01 +42.03.01 +10.05.02 +10.05.07 +11.05.04;
-1;Всероссийская олимпиада школьников «Высшая проба»;химия;P2;+05.03.06;
-1;Всероссийская олимпиада школьников «Высшая проба»;физика;P2;+11.03.01 +11.03.02 +11.03.03 +11.03.04 +12.03.03 +12.03.04 +15.03.04 +27.03.04 +11.05.04;
-1;Всероссийская олимпиада школьников «Высшая проба»;инженерные науки;P2;+11.03.02 +09.03.01;
-1;Всероссийская олимпиада школьников «Высшая проба»;восточные языки;P2;+41.03.01 +42.03.01;
0;Всероссийская олимпиада школьников «Высшая проба»;иностранный язык;P1;+41.03.01 +42.03.01;
0;Всероссийская олимпиада школьников «Высшая проба»;экономика;P1;+38.03.02 +38.03.05;
-1;Всероссийская олимпиада школьников «Высшая проба»;финансовая грамотность;P1;+38.03.02 +38.03.05;
-1;Всероссийская олимпиада школьников «Миссия выполнима. Твое призвание - финансист!»;иностранный язык;P3;+41.03.01 +42.03.01;
-1;Всероссийская олимпиада школьников «Миссия выполнима. Твое призвание - финансист!»;математика;P3;+05.03.06 +09.03.01 +09.03.02 +09.03.04 +11.03.01 +11.03.02 +11.03.03 +11.03.04 +15.03.04 +12.03.04 +10.03.01 +12.03.03 +27.03.04 +38.03.02 +38.03.05 +10.05.02 +10.05.07 +11.05.04;
-1;Всероссийская олимпиада школьников «Миссия выполнима. Твое призвание - финансист!»;история;P3;+41.03.01 +42.03.01;
-1;Всероссийская олимпиада школьников «Миссия выполнима. Твое призвание - финансист!»;обществознание;P3;+38.03.02 +38.03.05 +41.03.01 +42.03.01;
-1;Всероссийская олимпиада школьников «Миссия выполнима. Твое призвание - финансист!»;экономика;P3;+38.03.02 +38.03.05;
-1;Всероссийская олимпиада школьников «Миссия выполнима. Твое призвание - финансист!»;финансовая грамотность;P3;+38.03.02 +38.03.05;
-1;Всероссийская Сеченовская олимпиада школьников;биология;P3;+05.03.06 +12.03.04;
-1;Всероссийская Сеченовская олимпиада школьников;химия;P3;+05.03.06;
-1;Всероссийская Толстовская олимпиада школьников;история;P3;+41.03.01 +42.03.01;
-1;Всероссийская Толстовская олимпиада школьников;обществознание;P3;+38.03.02 +38.03.05 +41.03.01 +42.03.01;
0;Всероссийская экономическая олимпиада школьников имени Н.Д. Кондратьева;экономика;P1;+38.03.02 +38.03.05;
-1;Всероссийский конкурс научных работ школьников «Юниор»;инженерные науки;P3;+11.03.01 +11.03.02 +11.03.03 +11.03.04 +12.03.03 +12.03.04 +15.03.04 +27.03.04 +11.05.04;
-1;Всероссийский конкурс научных работ школьников «Юниор»;естественные науки;P3;+05.03.06;
-1;Всесибирская открытая олимпиада школьников;биология;P2;+05.03.06 +12.03.04;
-1;Всесибирская открытая олимпиада школьников;математика;P2;+05.03.06 +09.03.01 +09.03.02 +09.03.04 +11.03.01 +11.03.02 +11.03.03 +11.03.04 +15.03.04 +12.03.04 +10.03.01 +12.03.03 +27.03.04 +38.03.02 +38.03.05 +10.05.02 +10.05.07 +11.05.04;
0;Всесибирская открытая олимпиада школьников;информатика;P1;+05.03.06 +09.03.01 +09.03.02 +09.03.04 +10.03.01 +10.05.02 +10.05.07 +15.03.04 +27.03.04 +11.03.01 +11.03.02 +11.03.03 +11.03.04 +11.05.04 +12.03.04 +38.03.02 +38.03.05 +42.03.01;
0;Всесибирская открытая олимпиада школьников;химия;P1;+05.03.06;
-1;Всесибирская открытая олимпиада школьников;физика;P2;+11.03.01 +11.03.02 +11.03.03 +11.03.04 +12.03.03 +12.03.04 +15.03.04 +27.03.04 +11.05.04;
0;Вузовско-академическая олимпиада по информатике;информатика;P1;+05.03.06 +09.03.01 +09.03.02 +09.03.04 +10.03.01 +10.05.02 +10.05.07 +15.03.04 +27.03.04 +11.03.01 +11.03.02 +11.03.03 +11.03.04 +11.05.04 +12.03.04 +38.03.02 +38.03.05 +42.03.01;
-1;Герценовская олимпиада школьников;география;P2;+05.03.06 +41.03.01;
-1;Герценовская олимпиада школьников;иностранный язык;P2;+41.03.01 +42.03.01;
-1;Городская открытая олимпиада школьников по физике;физика;P2;+11.03.01 +11.03.02 +11.03.03 +11.03.04 +12.03.03 +12.03.04 +15.03.04 +27.03.04 +11.05.04;
-1;Государственный аудит;обществознание;P2;+38.03.02 +38.03.05 +41.03.01 +42.03.01;
-1;Инженерная олимпиада школьников;физика;P2;+11.03.01 +11.03.02 +11.03.03 +11.03.04 +12.03.03 +12.03.04 +15.03.04 +27.03.04 +11.05.04;
0;Интернет-олимпиада школьников по физике;физика;P1;+11.03.01 +11.03.02 +11.03.03 +11.03.04 +12.03.03 +12.03.04 +15.03.04 +27.03.04 +11.05.04;
0;Междисциплинарная олимпиада школьников имени В.И. Вернадского;гуманитарные и социальные науки;P1;+41.03.01 +42.03.01;
0;Междисциплинарная олимпиада школьников имени В.И. Вернадского;гуманитарные и социальные науки;P1;+38.03.02 +38.03.05 +41.03.01 +42.03.01;
0;Международная Менделеевская олимпиада школьников по химии;химия;P1;+05.03.06;
0;Международная олимпиада «Innopolis Open»;информатика;P1;+05.03.06 +09.03.01 +09.03.02 +09.03.04 +10.03.01 +10.05.02 +10.05.07 +15.03.04 +27.03.04 +11.03.01 +11.03.02 +11.03.03 +11.03.04 +11.05.04 +12.03.04 +38.03.02 +38.03.05 +42.03.01;
0;Международная олимпиада «Innopolis Open»;информационная безопасность;P1;+09.03.01 +09.03.02 +09.03.04 +10.03.01 +10.05.02 +10.05.07 +15.03.04 +27.03.04 +11.03.02 +11.05.04 +42.03.01;
-1;Международная олимпиада «Innopolis Open»;математика;P3;+05.03.06 +09.03.01 +09.03.02 +09.03.04 +11.03.01 +11.03.02 +11.03.03 +11.03.04 +15.03.04 +12.03.04 +10.03.01 +12.03.03 +27.03.04 +38.03.02 +38.03.05 +10.05.02 +10.05.07 +11.05.04;
0;Международная олимпиада по финансовой безопасности;финансовая безопасность;P1;+38.03.02 +38.03.05;
-1;Международная олимпиада школьников Уральского федерального университета «Изумруд»;информатика;P3;+09.03.01 +09.03.02 +09.03.04 +10.03.01 +10.05.02 +10.05.07 +15.03.04 +27.03.04 +11.03.02 +11.05.04 +42.03.01;
-1;Международная олимпиада школьников Уральского федерального университета «Изумруд»;история;P3;+41.03.01 +42.03.01;
-1;Международная олимпиада школьников Уральского федерального университета «Изумруд»;математика;P3;+05.03.06 +09.03.01 +09.03.02 +09.03.04 +11.03.01 +11.03.02 +11.03.03 +11.03.04 +15.03.04 +12.03.04 +10.03.01 +12.03.03 +27.03.04 +38.03.02 +38.03.05 +10.05.02 +10.05.07 +11.05.04;
-1;Международная олимпиада школьников Уральского федерального университета «Изумруд»;обществознание;P3;+38.03.02 +38.03.05 +41.03.01 +42.03.01;
-1;Международная олимпиада школьников Уральского федерального университета «Изумруд»;русский язык;P3;+09.03.01 +09.03.02 +09.03.04 +11.03.01 +11.03.02 +11.03.03 +11.03.04 +15.03.04 +12.03.04 +05.03.06 +10.03.01 +12.03.03 +27.03.04 +38.03.02 +38.03.05 +41.03.01 +42.03.01 +10.05.02 +10.05.07 +11.05.04;
-1;Международная олимпиада школьников Уральского федерального университета «Изумруд»;химия;P3;+05.03.06;
-1;Межрегиональная олимпиада по праву «ФЕМИДА»;право;P2;+38.03.02 +38.03.05 +41.03.01 +42.03.01;
-1;Межрегиональная олимпиада школьников «САММАТ»;математика;P3;+05.03.06 +09.03.01 +09.03.02 +09.03.04 +11.03.01 +11.03.02 +11.03.03 +11.03.04 +15.03.04 +12.03.04 +10.03.01 +12.03.03 +27.03.04 +38.03.02 +38.03.05 +10.05.02 +10.05.07 +11.05.04;
-1;Межрегиональная олимпиада школьников «Будущие исследователи - будущее науки»;биология;P2;+05.03.06 +12.03.04;
-1;Межрегиональная олимпиада школьников «Будущие исследователи - будущее науки»;физика;P2;+11.03.01 +11.03.02 +11.03.03 +11.03.04 +12.03.03 +12.03.04 +15.03.04 +27.03.04 +11.05.04;
-1;Межрегиональная олимпиада школьников «Будущие исследователи - будущее науки»;история;P2;+41.03.01 +42.03.01;
-1;Межрегиональная олимпиада школьников «Будущие исследователи - будущее науки»;математика;P3;+05.03.06 +09.03.01 +09.03.02 +09.03.04 +11.03.01 +11.03.02 +11.03.03 +11.03.04 +15.03.04 +12.03.04 +10.03.01 +12.03.03 +27.03.04 +38.03.02 +38.03.05 +10.05.02 +10.05.07 +11.05.04;
-1;Межрегиональная олимпиада школьников «Будущие исследователи - будущее науки»;русский язык;P2;+09.03.01 +09.03.02 +09.03.04 +11.03.01 +11.03.02 +11.03.03 +11.03.04 +15.03.04 +12.03.04 +05.03.06 +10.03.01 +12.03.03 +27.03.04 +38.03.02 +38.03.05 +41.03.01 +42.03.01 +10.05.02 +10.05.07 +11.05.04;
-1;Межрегиональная олимпиада школьников «Будущие исследователи - будущее науки»;химия;P2;+05.03.06;
-1;Межрегиональная олимпиада школьников «Евразийская лингвистическая олимпиада»;иностранный язык;P1;+41.03.01 +42.03.01;
-1;Межрегиональная олимпиада школьников имени И.Я. Верченко;математика;P2;+05.03.06 +09.03.01 +09.03.02 +09.03.04 +11.03.01 +11.03.02 +11.03.03 +11.03.04 +15.03.04 +12.03.04 +10.03.01 +12.03.03 +27.03.04 +38.03.02 +38.03.05 +10.05.02 +10.05.07 +11.05.04;
-1;Межрегиональная олимпиада школьников имени И.Я. Верченко;компьютерная безопасность;P2;+10.03.01 +10.05.02 +10.05.07;
-1;Межрегиональная олимпиада школьников на базе ведомственных образовательных организаций;обществознание;P3;+38.03.02 +38.03.05 +41.03.01 +42.03.01;
-1;Межрегиональная олимпиада школьников на базе ведомственных образовательных организаций;математика;P2;+05.03.06 +09.03.01 +09.03.02 +09.03.04 +11.03.01 +11.03.02 +11.03.03 +11.03.04 +15.03.04 +12.03.04 +10.03.01 +12.03.03 +27.03.04 +38.03.02 +38.03.05 +10.05.02 +10.05.07 +11.05.04;
-1;Межрегиональная олимпиада школьников на базе ведомственных образовательных организаций;иностранный язык;P3;+41.03.01 +42.03.01;
-1;Межрегиональная олимпиада школьников на базе ведомственных образовательных организаций;физика;P2;+11.03.01 +11.03.02 +11.03.03 +11.03.04 +12.03.03 +12.03.04 +15.03.04 +27.03.04 +11.05.04;
-1;Межрегиональные предметные олимпиады федерального государственного автономного образовательного учреждения высшего образования «Казанский (Приволжский) федеральный университет»;математика;P3;+05.03.06 +09.03.01 +09.03.02 +09.03.04 +11.03.01 +11.03.02 +11.03.03 +11.03.04 +15.03.04 +12.03.04 +10.03.01 +12.03.03 +27.03.04 +38.03.02 +38.03.05 +10.05.02 +10.05.07 +11.05.04;
-1;Межрегиональные предметные олимпиады федерального государственного автономного образовательного учреждения высшего образования «Казанский (Приволжский) федеральный университет»;иностранный язык;P3;+41.03.01 +42.03.01;
-1;Межрегиональные предметные олимпиады федерального государственного автономного образовательного учреждения высшего образования «Казанский (Приволжский) федеральный университет»;информатика;P3;+05.03.06 +09.03.01 +09.03.02 +09.03.04 +10.03.01 +10.05.02 +10.05.07 +15.03.04 +27.03.04 +11.03.01 +11.03.02 +11.03.03 +11.03.04 +11.05.04 +12.03.04 +38.03.02 +38.03.05 +42.03.01;
0;Межрегиональные предметные олимпиады федерального государственного автономного образовательного учреждения высшего образования «Казанский (Приволжский) федеральный университет»;химия;P1;+05.03.06;
-1;Межрегиональные предметные олимпиады федерального государственного автономного образовательного учреждения высшего образования «Казанский (Приволжский) федеральный университет»;русский язык;P2;+09.03.01 +09.03.02 +09.03.04 +11.03.01 +11.03.02 +11.03.03 +11.03.04 +15.03.04 +12.03.04 +05.03.06 +10.03.01 +12.03.03 +27.03.04 +38.03.02 +38.03.05 +41.03.01 +42.03.01 +10.05.02 +10.05.07 +11.05.04;
-1;Межрегиональные предметные олимпиады федерального государственного автономного образовательного учреждения высшего образования «Казанский (Приволжский) федеральный университет»;физика;P2;+11.03.01 +11.03.02 +11.03.03 +11.03.04 +12.03.03 +12.03.04 +15.03.04 +27.03.04 +11.05.04;
0;Многопредметная олимпиада «Юные таланты»;химия;P1;+05.03.06;
0;Многопредметная олимпиада «Юные таланты»;география;P1;+05.03.06 +41.03.01;
-1;Многопрофильная инженерная олимпиада «Звезда»;техника и технологии;P3;+10.03.01 +10.05.02 +10.05.07;
-1;Многопрофильная инженерная олимпиада «Звезда»;естественные науки;P3;+05.03.06 +09.03.01 +09.03.02 +09.03.04 +11.03.01 +11.03.02 +11.03.03 +11.03.04 +15.03.04 +12.03.04 +10.03.01 +12.03.03 +27.03.04 +38.03.02 +38.03.05 +10.05.02 +10.05.07 +11.05.04;
-1;Московская олимпиада школьников;генетика;P2;+05.03.06 +12.03.04;
0;Московская олимпиада школьников;лингвистика;P1;+09.03.01 +09.03.02 +09.03.04 +11.03.01 +11.03.02 +11.03.03 +11.03.04 +15.03.04 +12.03.04 +05.03.06 +10.03.01 +12.03.03 +27.03.04 +38.03.02 +38.03.05 +41.03.01 +42.03.01 +10.05.02 +10.05.07 +11.05.04;
0;Московская олимпиада школьников;лингвистика;P1;+41.03.01 +42.03.01;
-1;Московская олимпиада школьников;филология;P3;+09.03.01 +09.03.02 +09.03.04 +11.03.01 +11.03.02 +11.03.03 +11.03.04 +15.03.04 +12.03.04 +05.03.06 +10.03.01 +12.03.03 +27.03.04 +38.03.02 +38.03.05 +41.03.01 +42.03.01 +10.05.02 +10.05.07 +11.05.04;
0;Московская олимпиада школьников;география;P1;+05.03.06 +41.03.01;
0;Московская олимпиада школьников;физика;P1;+11.03.01 +11.03.02 +11.03.03 +11.03.04 +12.03.03 +12.03.04 +15.03.04 +27.03.04 +11.05.04;
-1;Московская олимпиада школьников;история;P2;+41.03.01 +42.03.01;
-1;Московская олимпиада школьников;обществознание;P2;+38.03.02 +38.03.05 +41.03.01 +42.03.01;
-1;Московская олимпиада школьников;вероятность и статистика;P3;+05.03.06 +09.03.01 +09.03.02 +09.03.04 +11.03.01 +11.03.02 +11.03.03 +11.03.04 +15.03.04 +12.03.04 +10.03.01 +12.03.03 +27.03.04 +38.03.02 +38.03.05 +10.05.02 +10.05.07 +11.05.04;
0;Московская олимпиада школьников;информатика;P1;+05.03.06 +09.03.01 +09.03.02 +09.03.04 +10.03.01 +10.05.02 +10.05.07 +15.03.04 +27.03.04 +11.03.01 +11.03.02 +11.03.03 +11.03.04 +11.05.04 +12.03.04 +38.03.02 +38.03.05 +42.03.01;
-1;Московская олимпиада школьников;предпрофессиональная по инженерно-конструкторскому направлению;P3;+09.03.01 +09.03.02 +09.03.04 +10.03.01 +10.05.02 +10.05.07 +12.03.04 +15.03.04 +27.03.04 +11.03.01 +11.03.02 +11.03.03 +11.03.04 +11.05.04;
-1;Московская олимпиада школьников;предпрофессиональная по научно-технологическому направлению;P3;+09.03.01 +12.03.03 +12.03.04 +15.03.04 +27.03.04 +11.03.01 +11.03.02 +11.03.03 +11.03.04 +11.05.04;
0;Московская олимпиада школьников;математика;P1;+05.03.06 +09.03.01 +09.03.02 +09.03.04 +11.03.01 +11.03.02 +11.03.03 +11.03.04 +15.03.04 +12.03.04 +10.03.01 +12.03.03 +27.03.04 +38.03.02 +38.03.05 +10.05.02 +10.05.07 +11.05.04;
0;Московская олимпиада школьников;химия;P1;+05.03.06;
-1;Московская олимпиада школьников;финансовая грамотность;P3;+38.03.02 +38.03.05;
-1;Московская олимпиада школьников;экономика;P2;+38.03.02 +38.03.05;
-1;Общероссийская олимпиада школьников «Основы православной культуры»;основы православной культуры;P2;+41.03.01 +42.03.01;
-1;Объединенная межвузовская математическая олимпиада школьников;математика;P2;+05.03.06 +09.03.01 +09.03.02 +09.03.04 +11.03.01 +11.03.02 +11.03.03 +11.03.04 +15.03.04 +12.03.04 +10.03.01 +12.03.03 +27.03.04 +38.03.02 +38.03.05 +10.05.02 +10.05.07 +11.05.04;
-1;Океан знаний;русский язык;P3;+09.03.01 +09.03.02 +09.03.04 +11.03.01 +11.03.02 +11.03.03 +11.03.04 +15.03.04 +12.03.04 +05.03.06 +10.03.01 +12.03.03 +27.03.04 +38.03.02 +38.03.05 +41.03.01 +42.03.01 +10.05.02 +10.05.07 +11.05.04;
-1;Океан знаний;обществознание;P3;+38.03.02 +38.03.05 +41.03.01 +42.03.01;
0;Олимпиада Курчатов;математика;P1;+05.03.06 +09.03.01 +09.03.02 +09.03.04 +11.03.01 +11.03.02 +11.03.03 +11.03.04 +15.03.04 +12.03.04 +10.03.01 +12.03.03 +27.03.04 +38.03.02 +38.03.05 +10.05.02 +10.05.07 +11.05.04;
0;Олимпиада Курчатов;физика;P1;+11.03.01 +11.03.02 +11.03.03 +11.03.04 +12.03.03 +12.03.04 +15.03.04 +27.03.04 +11.05.04;
-1;Олимпиада МГИМО МИД России для школьников;гуманитарные и социальные науки;P2;+41.03.01 +42.03.01;
-1;Олимпиада МГИМО МИД России для школьников;гуманитарные и социальные науки;P2;+38.03.02 +38.03.05 +41.03.01 +42.03.01;
-1;Олимпиада РГГУ для школьников;история;P2;+41.03.01 +42.03.01;
-1;Олимпиада РГГУ для школьников;иностранный язык;P2;+41.03.01 +42.03.01;
-1;Олимпиада РГГУ для школьников;обществознание;P3;+38.03.02 +38.03.05 +41.03.01 +42.03.01;
-1;Олимпиада РГГУ для школьников;русский язык;P2;+09.03.01 +09.03.02 +09.03.04 +11.03.01 +11.03.02 +11.03.03 +11.03.04 +15.03.04 +12.03.04 +05.03.06 +10.03.01 +12.03.03 +27.03.04 +38.03.02 +38.03.05 +41.03.01 +42.03.01 +10.05.02 +10.05.07 +11.05.04;
0;Олимпиада школьников «Высокие технологии и материалы будущего»;нанотехнологии;P1;+11.03.01 +11.03.02 +11.03.03 +11.03.04 +12.03.03 +12.03.04 +15.03.04 +27.03.04 +11.05.04;
0;Олимпиада школьников «Высокие технологии и материалы будущего»;нанотехнологии;P1;+05.03.06 +09.03.01 +09.03.02 +09.03.04 +11.03.01 +11.03.02 +11.03.03 +11.03.04 +15.03.04 +12.03.04 +10.03.01 +12.03.03 +27.03.04 +38.03.02 +38.03.05 +10.05.02 +10.05.07 +11.05.04;
-1;Олимпиада школьников «Гранит науки»;информатика;P3;+09.03.01 +09.03.02 +09.03.04 +10.03.01 +10.05.02 +10.05.07 +15.03.04 +27.03.04 +11.03.02 +11.05.04 +42.03.01;
-1;Олимпиада школьников «Гранит науки»;химия;P3;+05.03.06;
0;Олимпиада школьников «Ломоносов»;биология;P1;+05.03.06 +12.03.04;
-1;Олимпиада школьников «Ломоносов»;информатика;P2;+09.03.01 +09.03.02 +09.03.04 +10.03.01 +10.05.02 +10.05.07 +15.03.04 +27.03.04 +11.03.02 +11.05.04 +42.03.01;
-1;Олимпиада школьников «Ломоносов»;инженерные науки;P2;+05.03.06;
-1;Олимпиада школьников «Ломоносов»;инженерные науки;P2;+11.03.01 +11.03.02 +11.03.03 +11.03.04 +12.03.03 +12.03.04 +15.03.04 +27.03.04 +11.05.04;
-1;Олимпиада школьников «Ломоносов»;политология;P2;+41.03.01 +42.03.01;
0;Олимпиада школьников «Ломоносов»;иностранный язык;P1;+41.03.01 +42.03.01;
-1;Олимпиада школьников «Ломоносов»;механика и математическое моделирование;P2;+05.03.06 +09.03.01 +09.03.02 +09.03.04 +11.03.01 +11.03.02 +11.03.03 +11.03.04 +15.03.04 +12.03.04 +10.03.01 +12.03.03 +27.03.04 +38.03.02 +38.03.05 +10.05.02 +11.05.03;
-1;Олимпиада школьников «Ломоносов»;робототехника;P3;+05.03.06 +09.03.01 +09.03.02 +09.03.04 +11.03.01 +11.03.02 +11.03.03 +11.03.04 +15.03.04 +12.03.04 +10.03.01 +12.03.03 +27.03.04 +38.03.02 +38.03.05 +10.05.02 +10.05.07 +11.05.04;
-1;Олимпиада школьников «Ломоносов»;робототехника;P3;+09.03.01 +09.03.02 +09.03.04 +10.03.01 +10.05.02 +10.05.07 +15.03.04 +27.03.04 +11.03.02 +11.05.04 +42.03.01;
-1;Олимпиада школьников «Ломоносов»;экология;P2;+05.03.06;
0;Олимпиада школьников «Ломоносов»;география;P1;+05.03.06 +41.03.01;
0;Олимпиада школьников «Ломоносов»;история;P1;+41.03.01 +42.03.01;
0;Олимпиада школьников «Ломоносов»;история российской государственности;P1;+41.03.01 +42.03.01;
0;Олимпиада школьников «Ломоносов»;международные отношения и глобалистика;P1;+41.03.01 +42.03.01;
0;Олимпиада школьников «Ломоносов»;математика;P1;+05.03.06 +09.03.01 +09.03.02 +09.03.04 +11.03.01 +11.03.02 +11.03.03 +11.03.04 +15.03.04 +12.03.04 +10.03.01 +12.03.03 +27.03.04 +38.03.02 +38.03.05 +10.05.02 +10.05.07 +11.05.04;
0;Олимпиада школьников «Ломоносов»;обществознание;P1;+38.03.02 +38.03.05 +41.03.01 +42.03.01;
0;Олимпиада школьников «Ломоносов»;философия;P1;+38.03.02 +38.03.05 +41.03.01 +42.03.01;
0;Олимпиада школьников «Ломоносов»;русский язык;P1;+09.03.01 +09.03.02 +09.03.04 +11.03.01 +11.03.02 +11.03.03 +11.03.04 +15.03.04 +12.03.04 +05.03.06 +10.03.01 +12.03.03 +27.03.04 +38.03.02 +38.03.05 +41.03.01 +42.03.01 +10.05.02 +10.05.07 +11.05.04;
0;Олимпиада школьников «Ломоносов»;химия;P1;+05.03.06 -00.00.00;
-1;Олимпиада школьников «Ломоносов»;физика;P2;+11.03.01 +11.03.02 +11.03.03 +11.03.04 +12.03.03 +12.03.04 +15.03.04 +27.03.04 +11.05.04;
-1;Олимпиада школьников «Ломоносов»;предпринимательство;P3;+38.03.02;
-1;Олимпиада школьников «Надежда энергетики»;математика;P3;+05.03.06 +09.03.01 +09.03.02 +09.03.04 +11.03.01 +11.03.02 +11.03.03 +11.03.04 +15.03.04 +12.03.04 +10.03.01 +12.03.03 +27.03.04 +38.03.02 +38.03.05 +10.05.02 +10.05.07 +11.05.04;
-1;Олимпиада школьников «Надежда энергетики»;физика;P3;+11.03.01 +11.03.02 +11.03.03 +11.03.04 +12.03.03 +12.03.04 +15.03.04 +27.03.04 +11.05.04;
0;Олимпиада школьников «Покори Воробьевы горы!»;физика;P1;+11.03.01 +11.03.02 +11.03.03 +11.03.04 +12.03.03 +12.03.04 +15.03.04 +27.03.04 +11.05.04;
0;Олимпиада школьников «Покори Воробьевы горы!»;иностранный язык;P1;+41.03.01 +42.03.01;
-1;Олимпиада школьников «Покори Воробьевы горы!»;история;P2;+41.03.01 +42.03.01;
-1;Олимпиада школьников «Покори Воробьевы горы!»;география;P2;+05.03.06 +41.03.01;
0;Олимпиада школьников «Покори Воробьевы горы!»;математика;P1;+05.03.06 +09.03.01 +09.03.02 +09.03.04 +11.03.01 +11.03.02 +11.03.03 +11.03.04 +15.03.04 +12.03.04 +10.03.01 +12.03.03 +27.03.04 +38.03.02 +38.03.05 +10.05.02 +10.05.07 +11.05.04;
0;Олимпиада школьников «Покори Воробьевы горы!»;обществознание;P1;+38.03.02 +38.03.05 +41.03.01 +42.03.01;
-1;Олимпиада школьников «Робофест»;физика;P2;+11.03.01 +11.03.02 +11.03.03 +11.03.04 +12.03.03 +12.03.04 +15.03.04 +27.03.04 +11.05.04;
-1;Олимпиада школьников «Физтех»;биология;P2;+05.03.06 +12.03.04;
0;Олимпиада школьников «Физтех»;математика;P1;+05.03.06 +09.03.01 +09.03.02 +09.03.04 +11.03.01 +11.03.02 +11.03.03 +11.03.04 +15.03.04 +12.03.04 +10.03.01 +12.03.03 +27.03.04 +38.03.02 +38.03.05 +10.05.02 +10.05.07 +11.05.04;
-1;Олимпиада школьников «Физтех»;инженерное дело;P3;+11.03.01 +11.03.02 +11.03.03 +11.03.04 +12.03.03 +12.03.04 +15.03.04 +27.03.04 +11.05.04;
-1;Олимпиада школьников «Физтех»;научно-техническая;P2;+09.03.01 +09.03.02 +09.03.04 +11.03.01 +11.03.02 +11.03.03 +11.03.04 +10.03.01 +10.05.02 +10.05.07 +11.05.04 +12.03.04 +12.03.03 +27.03.04;
-1;Олимпиада школьников «Физтех»;научно-техническая;P2;+11.03.01 +11.03.02 +11.03.03 +11.03.04 +12.03.03 +12.03.04 +15.03.04 +27.03.04 +11.05.04;
0;Олимпиада школьников «Физтех»;физика;P1;+11.03.01 +11.03.02 +11.03.03 +11.03.04 +12.03.03 +12.03.04 +15.03.04 +27.03.04 +11.05.04;
-1;Олимпиада школьников «Шаг в будущее»;инженерное дело;P2;+09.03.01 +09.03.02 +09.03.04 +11.03.01 +11.03.02 +11.03.03 +11.03.04 +10.03.01 +10.05.02 +10.05.07 +11.05.04 +12.03.04 +12.03.03 +27.03.04;
-1;Олимпиада школьников «Шаг в будущее»;компьютерное моделирование и графика;P3;+09.03.01 +09.03.02 +09.03.04 +12.03.03 +12.03.04 +15.03.04 +27.03.04 +11.03.02 +11.05.04;
-1;Олимпиада школьников «Шаг в будущее»;математика;P3;+05.03.06 +09.03.01 +09.03.02 +09.03.04 +11.03.01 +11.03.02 +11.03.03 +11.03.04 +15.03.04 +12.03.04 +10.03.01 +12.03.03 +27.03.04 +38.03.02 +38.03.05 +10.05.02 +10.05.07 +11.05.04;
-1;Олимпиада школьников «Шаг в будущее»;информатика;P3;+05.03.06 +09.03.01 +09.03.02 +09.03.04 +10.03.01 +10.05.02 +10.05.07 +15.03.04 +27.03.04 +11.03.01 +11.03.02 +11.03.03 +11.03.04 +11.05.04 +12.03.04 +38.03.02 +38.03.05 +42.03.01;
-1;Олимпиада школьников «Шаг в будущее»;физика;P2;+11.03.01 +11.03.02 +11.03.03 +11.03.04 +12.03.03 +12.03.04 +15.03.04 +27.03.04 +11.05.04;
-1;Олимпиада школьников по географии «Земля - наш общий дом!»;география;P3;+05.03.06 +41.03.01;
0;Олимпиада школьников по информатике и программированию;информатика;P1;+05.03.06 +09.03.01 +09.03.02 +09.03.04 +10.03.01 +10.05.02 +10.05.07 +15.03.04 +27.03.04 +11.03.01 +11.03.02 +11.03.03 +11.03.04 +11.05.04 +12.03.04 +38.03.02 +38.03.05 +42.03.01;
0;Олимпиада школьников по программированию «ТехноКубок»;информатика;P1;+05.03.06 +09.03.01 +09.03.02 +09.03.04 +10.03.01 +10.05.02 +10.05.07 +15.03.04 +27.03.04 +11.03.01 +11.03.02 +11.03.03 +11.03.04 +11.05.04 +12.03.04 +38.03.02 +38.03.05 +42.03.01;
-1;Олимпиада школьников по химии в ФГБОУ ВО ПСПбГМУ им. И. П. Павлова Минздрава России;химия;P3;+05.03.06 -00.00.00;
-1;Олимпиада школьников по экономике в рамках международного экономического фестиваля школьников «Сибириада. Шаг в мечту»;экономика;P2;+38.03.02 +38.03.05;
-1;Олимпиада школьников Российской академии народного хозяйства и государственной службы при Президенте Российской Федерации;обществознание;P2;+38.03.02 +38.03.05 +41.03.01 +42.03.01;
-1;Олимпиада школьников Российской академии народного хозяйства и государственной службы при Президенте Российской Федерации;иностранный язык;P2;+41.03.01 +42.03.01;
-1;Олимпиада школьников Российской академии народного хозяйства и государственной службы при Президенте Российской Федерации;экономика;P3;+38.03.02 +38.03.05;
-1;Олимпиада школьников Российской академии народного хозяйства и государственной службы при Президенте Российской Федерации;финансовая грамотность;P3;+41.03.01 +42.03.01;
-1;Олимпиада школьников Российской академии народного хозяйства и государственной службы при Президенте Российской Федерации;история;P2;+41.03.01 +42.03.01;
0;Олимпиада школьников Санкт-Петербургского государственного университета;биология;P1;+05.03.06 +12.03.04;
0;Олимпиада школьников Санкт-Петербургского государственного университета;география;P1;+05.03.06 +41.03.01;
0;Олимпиада школьников Санкт-Петербургского государственного университета;иностранный язык;P1;+41.03.01 +42.03.01;
-1;Олимпиада школьников Санкт-Петербургского государственного университета;экономика;P2;+38.03.02 +38.03.05;
0;Олимпиада школьников Санкт-Петербургского государственного университета;история;P1;+41.03.01 +42.03.01;
0;Олимпиада школьников Санкт-Петербургского государственного университета;информатика;P1;+09.03.01 +09.03.02 +09.03.04 +10.03.01 +10.05.02 +10.05.07 +15.03.04 +27.03.04 +11.03.02 +11.05.04 +42.03.01;
0;Олимпиада школьников Санкт-Петербургского государственного университета;математика;P1;+05.03.06 +09.03.01 +09.03.02 +09.03.04 +11.03.01 +11.03.02 +11.03.03 +11.03.04 +15.03.04 +12.03.04 +10.03.01 +12.03.03 +27.03.04 +38.03.02 +38.03.05 +10.05.02 +10.05.07 +11.05.04;
0;Олимпиада школьников Санкт-Петербургского государственного университета;обществознание;P1;+38.03.02 +38.03.05 +41.03.01 +42.03.01;
0;Олимпиада школьников Санкт-Петербургского государственного университета;социология;P1;+41.03.01 +42.03.01;
0;Олимпиада школьников Санкт-Петербургского государственного университета;социология;P1;+38.03.02 +38.03.05 +41.03.01 +42.03.01;
-1;Олимпиада школьников Санкт-Петербургского государственного университета;инженерные системы;P3;+11.03.01 +11.03.02 +11.03.03 +11.03.04 +12.03.03 +12.03.04 +15.03.04 +27.03.04 +11.05.04;
-1;Олимпиада школьников Санкт-Петербургского государственного университета;инженерные системы;P3;+05.03.06 +09.03.01 +09.03.02 +09.03.04 +11.03.01 +11.03.02 +11.03.03 +11.03.04 +15.03.04 +12.03.04 +10.03.01 +12.03.03 +27.03.04 +38.03.02 +38.03.05 +10.05.02 +10.05.07 +11.05.04;
-1;Олимпиада школьников Санкт-Петербургского государственного университета;математическое моделирование и искусственный интеллект;P3;+05.03.06 +09.03.01 +09.03.02 +09.03.04 +11.03.01 +11.03.02 +11.03.03 +11.03.04 +15.03.04 +12.03.04 +10.03.01 +12.03.03 +27.03.04 +38.03.02 +38.03.05 +10.05.02 +10.05.07 +11.05.04;
-1;Олимпиада школьников Санкт-Петербургского государственного университета;международные отношения;P3;+41.03.01;
0;Олимпиада школьников Санкт-Петербургского государственного университета;химия;P1;+05.03.06 -00.00.00;
-1;Олимпиада школьников Санкт-Петербургского государственного университета;физика;P2;+11.03.01 +11.03.02 +11.03.03 +11.03.04 +12.03.03 +12.03.04 +15.03.04 +27.03.04 +11.05.04;
0;Олимпиада школьников Санкт-Петербургского государственного университета;филология;P1;+41.03.01 +42.03.01;
0;Олимпиада школьников Санкт-Петербургского государственного университета;филология;P1;+09.03.01 +09.03.02 +09.03.04 +11.03.01 +11.03.02 +11.03.03 +11.03.04 +15.03.04 +12.03.04 +05.03.06 +10.03.01 +12.03.03 +27.03.04 +38.03.02 +38.03.05 +41.03.01 +42.03.01 +10.05.02 +10.05.07 +11.05.04;
-1;Олимпиада школьников федерального государственного бюджетного образовательного учреждения высшего образования «Всероссийский государственный университет юстиции (РПА Минюста России)» «В мир права»;право;P3;+38.03.02 +38.03.05 +41.03.01 +42.03.01;
-1;Олимпиада Юношеской математической школы;математика;P2;+05.03.06 +09.03.01 +09.03.02 +09.03.04 +11.03.01 +11.03.02 +11.03.03 +11.03.04 +15.03.04 +12.03.04 +10.03.01 +12.03.03 +27.03.04 +38.03.02 +38.03.05 +10.05.02 +10.05.07 +11.05.04;
-1;Открытая межвузовская олимпиада школьников Сибирского Федерального округа «Будущее Сибири»;физика;P3;+11.03.01 +11.03.02 +11.03.03 +11.03.04 +12.03.03 +12.03.04 +15.03.04 +27.03.04 +11.05.04;
0;Открытая межвузовская олимпиада школьников Сибирского Федерального округа «Будущее Сибири»;химия;P1;+05.03.06 -00.00.00;
0;Открытая олимпиада школьников;информатика;P1;+05.03.06 +09.03.01 +09.03.02 +09.03.04 +10.03.01 +10.05.02 +10.05.07 +15.03.04 +27.03.04 +11.03.01 +11.03.02 +11.03.03 +11.03.04 +11.05.04 +12.03.04 +38.03.02 +38.03.05 +42.03.01;
-1;Открытая олимпиада школьников;математика;P2;+05.03.06 +09.03.01 +09.03.02 +09.03.04 +11.03.01 +11.03.02 +11.03.03 +11.03.04 +15.03.04 +12.03.04 +10.03.01 +12.03.03 +27.03.04 +38.03.02 +38.03.05 +10.05.02 +10.05.07 +11.05.04;
-1;Открытая олимпиада школьников;физика;P3;+11.03.01 +11.03.02 +11.03.03 +11.03.04 +12.03.03 +12.03.04 +15.03.04 +27.03.04 +11.05.04;
0;Открытая олимпиада школьников по программированию;информатика;P1;+05.03.06 +09.03.01 +09.03.02 +09.03.04 +10.03.01 +10.05.02 +10.05.07 +15.03.04 +27.03.04 +11.03.01 +11.03.02 +11.03.03 +11.03.04 +11.05.04 +12.03.04 +38.03.02 +38.03.05 +42.03.01;
-1;Открытая олимпиада школьников по программированию «Когнитивные технологии»;информатика;P2;+05.03.06 +09.03.01 +09.03.02 +09.03.04 +10.03.01 +10.05.02 +10.05.07 +15.03.04 +27.03.04 +11.03.01 +11.03.02 +11.03.03 +11.03.04 +11.05.04 +12.03.04 +38.03.02 +38.03.05 +42.03.01;
-1;Открытая региональная межвузовская олимпиада вузов Томской области (ОРМО);русский язык;P2;+09.03.01 +09.03.02 +09.03.04 +11.03.01 +11.03.02 +11.03.03 +11.03.04 +15.03.04 +12.03.04 +05.03.06 +10.03.01 +12.03.03 +27.03.04 +38.03.02 +38.03.05 +41.03.01 +42.03.01 +10.05.02 +10.05.07 +11.05.04;
-1;Открытая региональная межвузовская олимпиада вузов Томской области (ОРМО);география;P3;+05.03.06 +41.03.01;
-1;Открытая региональная межвузовская олимпиада вузов Томской области (ОРМО);физика;P2;+11.03.01 +11.03.02 +11.03.03 +11.03.04 +12.03.03 +12.03.04 +15.03.04 +27.03.04 +11.05.04;
-1;Открытая химическая олимпиада;химия;P2;+05.03.06 -00.00.00;
-1;Отраслевая олимпиада школьников «Газпром»;информатика;P3;+05.03.06 +09.03.01 +09.03.02 +09.03.04 +10.03.01 +10.05.02 +10.05.07 +15.03.04 +27.03.04 +11.03.01 +11.03.02 +11.03.03 +11.03.04 +11.05.04 +12.03.04 +38.03.02 +38.03.05 +42.03.01;
-1;Отраслевая олимпиада школьников «Газпром»;физика;P3;+11.03.01 +11.03.02 +11.03.03 +11.03.04 +12.03.03 +12.03.04 +15.03.04 +27.03.04 +11.05.04;
-1;Отраслевая олимпиада школьников «Газпром»;химия;P3;+05.03.06 -00.00.00;
-1;Отраслевая физико-математическая олимпиада школьников «Росатом»;информатика;P3;+05.03.06 +09.03.01 +09.03.02 +09.03.04 +10.03.01 +10.05.02 +10.05.07 +15.03.04 +27.03.04 +11.03.01 +11.03.02 +11.03.03 +11.03.04 +11.05.04 +12.03.04 +38.03.02 +38.03.05 +42.03.01;
-1;Отраслевая физико-математическая олимпиада школьников «Росатом»;математика;P2;+05.03.06 +09.03.01 +09.03.02 +09.03.04 +11.03.01 +11.03.02 +11.03.03 +11.03.04 +15.03.04 +12.03.04 +10.03.01 +12.03.03 +27.03.04 +38.03.02 +38.03.05 +10.05.02 +10.05.07 +11.05.04;
0;Отраслевая физико-математическая олимпиада школьников «Росатом»;физика;P1;+11.03.01 +11.03.02 +11.03.03 +11.03.04 +12.03.03 +12.03.04 +15.03.04 +27.03.04 +11.05.04;
-1;Пироговская олимпиада для школьников по химии и биологии;биология;P2;+05.03.06 +12.03.04;
-1;Пироговская олимпиада для школьников по химии и биологии;химия;P3;+05.03.06 -00.00.00;
-1;Плехановская олимпиада школьников;иностранный язык;P2;+41.03.01 +42.03.01;
-1;Плехановская олимпиада школьников;русский язык;P2;+09.03.01 +09.03.02 +09.03.04 +11.03.01 +11.03.02 +11.03.03 +11.03.04 +15.03.04 +12.03.04 +05.03.06 +10.03.01 +12.03.03 +27.03.04 +38.03.02 +38.03.05 +41.03.01 +42.03.01 +10.05.02 +10.05.07 +11.05.04;
-1;Плехановская олимпиада школьников;финансовая грамотность;P3;+38.03.02 +38.03.05;
-1;Плехановская олимпиада школьников;экономика;P3;+41.03.01 +42.03.01;
-1;Региональный конкурс школьников Челябинского университетского образовательного округа;иностранный язык;P3;+38.03.02 +38.03.05 +41.03.01 +42.03.01;
-1;Региональный конкурс школьников Челябинского университетского образовательного округа;обществознание;P3;+38.03.02 +38.03.05 +41.03.01 +42.03.01;
0;Санкт-Петербургская олимпиада школьников;математика;P1;+05.03.06 +09.03.01 +09.03.02 +09.03.04 +11.03.01 +11.03.02 +11.03.03 +11.03.04 +15.03.04 +12.03.04 +10.03.01 +12.03.03 +27.03.04 +38.03.02 +38.03.05 +10.05.02 +10.05.07 +11.05.04;
0;Санкт-Петербургская олимпиада школьников;химия;P1;+05.03.06 -00.00.00;
-1;Северо-Восточная олимпиада школьников;филология;P3;+09.03.01 +09.03.02 +09.03.04 +11.03.01 +11.03.02 +11.03.03 +11.03.04 +15.03.04 +12.03.04 +05.03.06 +10.03.01 +12.03.03 +27.03.04 +38.03.02 +38.03.05 +41.03.01 +42.03.01 +10.05.02 +10.05.07 +11.05.04;
0;Телевизионная гуманитарная олимпиада школьников «Умницы и умники»;гуманитарные и социальные науки;P1;+41.03.01 +42.03.01;
0;Турнир городов;математика;P1;+05.03.06 +09.03.01 +09.03.02 +09.03.04 +11.03.01 +11.03.02 +11.03.03 +11.03.04 +15.03.04 +12.03.04 +10.03.01 +12.03.03 +27.03.04 +38.03.02 +38.03.05 +10.05.02 +10.05.07 +11.05.04;
-1;Турнир имени М.В. Ломоносова;математика;P2;+05.03.06 +09.03.01 +09.03.02 +09.03.04 +11.03.01 +11.03.02 +11.03.03 +11.03.04 +15.03.04 +12.03.04 +10.03.01 +12.03.03 +27.03.04 +38.03.02 +38.03.05 +10.05.02 +10.05.07 +11.05.04;
-1;Турнир имени М.В. Ломоносова;биология;P3;+05.03.06 +12.03.04;
-1;Турнир имени М.В. Ломоносова;физика;P2;+11.03.01 +11.03.02 +11.03.03 +11.03.04 +12.03.03 +12.03.04 +15.03.04 +27.03.04 +11.05.04;
-1;Турнир имени М.В. Ломоносова;история;P2;+41.03.01 +42.03.01;
-1;Турнир имени М.В. Ломоносова;лингвистика;P2;+09.03.01 +09.03.02 +09.03.04 +11.03.01 +11.03.02 +11.03.03 +11.03.04 +15.03.04 +12.03.04 +05.03.06 +10.03.01 +12.03.03 +27.03.04 +38.03.02 +38.03.05 +41.03.01 +42.03.01 +10.05.02 +10.05.07 +11.05.04;
-1;Турнир имени М.В. Ломоносова;лингвистика;P2;+41.03.01 +42.03.01;
-1;Турнир имени М.В. Ломоносова;лингвистика;P2;+05.03.06 +09.03.01 +09.03.02 +09.03.04 +11.03.01 +11.03.02 +11.03.03 +11.03.04 +15.03.04 +12.03.04 +10.03.01 +12.03.03 +27.03.04 +38.03.02 +38.03.05 +10.05.02 +10.05.07 +11.05.04;
-1;Университетская олимпиада школьников «Бельчонок»;информатика;P3;+05.03.06 +09.03.01 +09.03.02 +09.03.04 +10.03.01 +10.05.02 +10.05.07 +15.03.04 +27.03.04 +11.03.01 +11.03.02 +11.03.03 +11.03.04 +11.05.04 +12.03.04 +38.03.02 +38.03.05 +42.03.01;
-1;Университетская олимпиада школьников «Бельчонок»;математика;P3;+05.03.06 +09.03.01 +09.03.02 +09.03.04 +11.03.01 +11.03.02 +11.03.03 +11.03.04 +15.03.04 +12.03.04 +10.03.01 +12.03.03 +27.03.04 +38.03.02 +38.03.05 +10.05.02 +10.05.07 +11.05.04;
-1;Университетская олимпиада школьников «Бельчонок»;химия;P2;+05.03.06 -00.00.00;
0;Всероссийская олимпиада школьников по английскому языку;английский язык;P0;*;*
0;Всероссийская олимпиада школьников по астрономии;астрономия;P0;*;*
0;Всероссийская олимпиада школьников по биологии;биология;P0;*;*
0;Всероссийская олимпиада школьников по географии;география;P0;*;*
0;Всероссийская олимпиада школьников по информатике;информатика;P0;*;*
0;Всероссийская олимпиада школьников по искусству;исскуство;P0;*;*
0;Всероссийская олимпиада школьников по испанскому языку;испанский язык;P0;*;*
0;Всероссийская олимпиада школьников по истории;история;P0;*;*
0;Всероссийская олимпиада школьников по итальянскому языку;итальянский язык;P0;*;*
0;Всероссийская олимпиада школьников по китайскому языку;китайский язык;P0;*;*
0;Всероссийская олимпиада школьников по литературе;литература;P0;*;*
0;Всероссийская олимпиада школьников по математике;математика;P0;*;*
0;Всероссийская олимпиада школьников по немецкому языку;немецкий язык;P0;*;*
0;Всероссийская олимпиада школьников по ОБЖ;ОБЖ;P0;*;*
0;Всероссийская олимпиада школьников по обществознанию;обществознание;P0;*;*
0;Всероссийская олимпиада школьников по праву;право;P0;*;*
0;Всероссийская олимпиада школьников по русскому языку;русский язык;P0;*;*
0;Всероссийская олимпиада школьников по технологии;техника, технология и техническое творчество;P0;*;*
0;Всероссийская олимпиада школьников по технологии;культура дома, дизайн и технология;P0;*;*
0;Всероссийская олимпиада школьников по технологии;робототехника;P0;*;*
0;Всероссийская олимпиада школьников по технологии;информационная безопасность;P0;*;*
0;Всероссийская олимпиада школьников по физике;физика;P0;*;*
0;Всероссийская олимпиада школьников по физической культуре;физическая культура;P0;*;*
0;Всероссийская олимпиада школьников по франзускому языку;французский язык;P0;*;*
0;Всероссийская олимпиада школьников по химии;химия;P0;*;*
0;Всероссийская олимпиада школьников по экологии;экология;P0;*;*
0;Всероссийская олимпиада школьников по экономике;экономика;P0;*;*
